Email,Address,Avatar,Avg Session Length,Time on App,Time on Website,Length of Membership,Yearly Amount Spent
mstephenson@fernandez.com,"835 Frank TunnelWrightmouth, MI 82180-9605",Violet,34.49726772511229,12.65565114916675,39.57766801952616,4.0826206329529615,587.9510539684005
hduke@hotmail.com,"4547 Archer CommonDiazchester, CA 06566-8576",DarkGreen,31.92627202636016,11.109460728682564,37.268958868297744,2.66403418213262,392.2049334443264
pallen@yahoo.com,"24645 Valerie Unions Suite 582Cobbborough, DC 99414-7564",Bisque,33.000914755642675,11.330278057777512,37.110597442120856,4.104543202376424,487.54750486747207
riverarebecca@gmail.com,"1414 David ThroughwayPort Jason, OH 22070-1220",SaddleBrown,34.30555662975554,13.717513665142507,36.72128267790313,3.120178782748092,581.8523440352177
mstephens@davidson-herman.com,"14023 Rodriguez PassagePort Jacobville, PR 37242-1057",MediumAquaMarine,33.33067252364639,12.795188551078114,37.53665330059473,4.446308318351434,599.4060920457634
alvareznancy@lucas.biz,"645 Martha Park Apt. 611Jeffreychester, MN 67218-7250",FloralWhite,33.871037879341976,12.026925339755056,34.47687762925054,5.493507201364199,637.102447915074
katherine20@yahoo.com,"68388 Reyes Lights Suite 692Josephbury, WV 92213-0247",DarkSlateBlue,32.02159550138701,11.366348309710526,36.68377615286961,4.685017246570912,521.5721747578274
awatkins@yahoo.com,Unit 6538 Box 8980DPO AP 09026-4941,Aqua,32.739142938380326,12.35195897300293,37.37335885854755,4.4342734348999375,549.9041461052942
vchurch@walter-martinez.com,"860 Lee KeyWest Debra, SD 97450-0495",Salmon,33.98777289568564,13.386235275676436,37.534497341555735,3.2734335777477144,570.2004089636196
bonnie69@lin.biz,"PSC 2734, Box 5255APO AA 98456-7482",Brown,31.936548618448917,11.814128294972196,37.14516822352819,3.202806071553459,427.1993848953282
andrew06@peterson.com,"26104 Alexander GrovesAlexandriaport, WY 28244-9149",Tomato,33.992572774953736,13.338975447662113,37.22580613162114,2.482607770510596,492.6060127179966
ryanwerner@freeman.biz,Unit 2413 Box 0347DPO AA 07580-2652,Tomato,33.87936082480498,11.584782999535266,37.08792607098381,3.71320920294043,522.3374046069357
knelson@gmail.com,"6705 Miller Orchard Suite 186Lake Shanestad, MO 75696-5051",RoyalBlue,29.532428967057943,10.961298400154098,37.42021557502538,4.046423164299585,408.6403510726275
wrightpeter@yahoo.com,"05302 Dunlap FerryNew Stephaniehaven, MP 42268",Bisque,33.19033404372265,12.959226091609382,36.144666700041924,3.918541839158999,573.4158673313865
taylormason@gmail.com,"7773 Powell Springs Suite 190Samanthaland, ND 44358",DarkBlue,32.387975853153876,13.148725692056516,36.61995708279922,2.494543646659249,470.4527333009554
jstark@anderson.com,"49558 Ramirez Road Suite 399Phillipstad, OH 35641-3238",Peru,30.737720372628182,12.636606052000127,36.213763093698624,3.3578468423262944,461.7807421962299
wjennings@gmail.com,"6362 Wilson MountainJohnsonfurt, GA 15169",PowderBlue,32.12538689728784,11.733861690857394,34.8940927514398,3.1361327164897803,457.84769594494855
rebecca45@hale-bauer.biz,"8982 Burton RowWilsonton, PW 88606",OliveDrab,32.338899323067196,12.013194694014402,38.38513659413844,2.420806160901484,407.70454754954415
alejandro75@hotmail.com,"64475 Andre Club Apt. 795Port Dannytown, PW 63227",Cyan,32.187812045932155,14.7153875441565,38.24411459434352,1.516575580831944,452.3156754800354
samuel46@love-west.net,"544 Alexander Heights Suite 768North Johnview, MT 57912",LightSeaGreen,32.61785606282345,13.989592555825254,37.190503800397956,4.064548550437977,605.061038804892
megan33@gmail.com,"84426 Julia VistaNorth Teresa, KY 50756",PeachPuff,32.912785111159785,11.365492025516154,37.60779252420698,4.599937357614995,534.7057438060227
agolden@yahoo.com,"PSC 2490, Box 2120APO AE 15445-2876",Black,33.503087256719716,12.87798369625634,37.44102133556604,1.559151939957077,419.93877483917913
vstafford@hotmail.com,"PSC 5723, Box 8159APO AA 74738",Olive,31.53160448257291,13.378562784168984,38.73400628989712,2.2451477874052825,436.51560572936256
denise22@hernandez-townsend.com,USNS CardenasFPO AA 85439-9449,Silver,32.903250973372074,11.657575922065588,36.77260376125875,3.919302308553184,519.3409891307888
youngbarbara@yahoo.com,"019 Elliott Tunnel Suite 190Nicholsbury, WV 60804-4440",Wheat,34.50755099852662,12.893669504071738,37.63575587790592,5.7051539706010255,700.9170916173961
william25@mcconnell.com,"9495 Mary Fall Apt. 777Glassport, ND 17957-5596",Teal,33.02933195350689,11.765812645482356,37.738524945579094,2.7217359920452187,423.17999168059777
ijones@schaefer-carr.net,"657 Judith CrossroadHancockchester, VI 75658-5788",Linen,33.54123131310037,12.783891784275019,36.430649621049305,4.6481993164286015,619.8956398616367
heatherhall@yahoo.com,"8522 Regina Port Suite 782Port Kaitlin, TX 50501-7264",MediumSlateBlue,32.33598963740772,13.007819424388568,37.85177916943607,2.9963645262685388,486.83893476506273
tinasmith@martinez.info,"40000 Ann Port Suite 474Youngberg, MS 03651",LemonChiffon,33.110205057717764,11.982044994015613,35.293087754360506,3.923488745527437,529.537665336851
chasejennifer@hotmail.com,"9507 Robert Prairie Apt. 601East Crystalview, SC 56814",DarkOrchid,33.10543794246846,11.9650200029979,37.27781174207212,4.742577519573316,554.7220838330761
jenniferbarnett@gmail.com,"0772 Michael Isle Suite 617Meyerstown, WA 45449-6768",SeaGreen,33.24190043446127,12.305417813429447,36.16364817104465,3.0623681453116887,497.5866713004408
jared39@hotmail.com,"739 David Isle Suite 818Chandlertown, DC 34587",SteelBlue,33.46105629551836,10.869163814130363,35.62244242064545,3.471413452477678,447.6879065360587
briancarlson@page-fleming.com,USCGC GillFPO AA 26496,DarkMagenta,32.175501237949376,13.387492105579696,35.69417498569782,4.343062915388998,588.7126055095755
joshuaodom@gmail.com,"5277 Patel BrookEast Audrey, NJ 19075",DarkGoldenRod,32.72836000313375,13.1045072428758,38.87804050675985,2.8200972339734696,491.07322367951963
vickie90@lee-wilson.com,"9135 Rodriguez DamRamirezberg, MS 77223",DarkSeaGreen,32.82030994541536,11.634893252550464,35.368626325363024,4.1245852967146535,507.4418323396168
duane56@hotmail.com,"24373 Mcgee Drive Apt. 990New Mariahaven, NH 14470",Gainsboro,33.61603789276768,11.936386499892285,38.76864099802668,3.6492861577147018,521.8835731664783
enash@gmail.com,"997 Campbell Flat Suite 970East Amanda, PW 22048",HotPink,31.721652360509037,11.75502370305383,36.7657223578584,1.8473704233395083,347.77692663187264
sandraharrison@bailey-gordon.net,"7835 Rogers RoadsEast Amberhaven, MI 70835-2286",LightSeaGreen,32.8653271748764,11.984417523634924,37.0443614002997,3.4523885826307272,490.73863214395465
cunninghamwilliam@hotmail.com,"4589 Dan FordsBeasleyburgh, ME 96590-8272",HoneyDew,32.74936818112046,9.954975969174418,37.38831486719822,4.650491269094463,478.1703340540876
teresaallen@hill-leach.info,"1958 Robert Bridge Apt. 250Malloryland, ID 03393-5336",WhiteSmoke,32.567230480275114,12.489013215743663,36.371479814068536,4.22243622534277,537.8461952695957
rhonda96@little.org,"2977 Perez RowLake Jack, TN 45336-9436",GhostWhite,32.07054622092545,11.733106220383403,37.534291011121276,4.6712754609062515,532.7517875818364
lisacabrera@yahoo.com,"9801 Thomas Pike Suite 058Brandishire, AK 88122-1314",DarkSlateBlue,33.01954798572344,10.634561317920276,37.49669014561275,4.646119976606155,501.87443028426947
jasonrichardson@elliott.com,"18372 Matthew Fork Suite 705North Matthewmouth, KY 99737",Chocolate,33.79203907501622,12.507525374016035,37.14286198458455,4.214495086037866,591.1971781805905
hoovernicole@dorsey.net,"69403 Hernandez KnollsMarciashire, DE 36417-5667",HoneyDew,32.89398062181101,11.52987820576495,36.888086054199256,4.643258549800133,547.2443434159983
christopher20@gmail.com,USNV FullerFPO AE 32122-5711,Snow,32.04448612744043,13.414934735851688,36.11243501077792,2.2586863869468434,448.22982918655
brianwilson@yahoo.com,"448 Stewart DivideNew Ashleyfort, FM 84050",BurlyWood,34.55576799465749,12.170525424959395,39.13109673366661,3.6631054912838534,549.860590464497
gonzaleskatie@gmail.com,"70129 Darrell SpringThomasmouth, HI 39319-2739",Moccasin,34.56455770619167,13.146551432907062,37.335445894325716,3.8768751769237673,593.9150029682891
lsmith@chung.com,"412 Jackson RiverKleinburgh, KS 52039-7404",BlueViolet,32.726784597863976,12.988510147185293,36.46200325853961,4.113226122724209,563.6728733601083
dongarcia@hotmail.com,"546 Benjamin Lights Suite 421Romerofurt, NC 43746-4501",MediumBlue,33.117218732994786,11.864126358942508,36.58272776540628,3.2025311992107337,479.73194908594513
kimberly46@garcia-nelson.biz,"4066 Gonzalez Dam Apt. 277West Jessica, TN 36880",GreenYellow,31.661049822746076,11.398064190096813,36.59445670006827,3.1983992716849063,416.35835357990084
william82@gmail.com,"11143 Park SquaresSamanthatown, UT 97073",SandyBrown,33.25633546983111,13.85806246213124,37.78026468722867,5.97676812602,725.5848140556806
brenda82@maldonado-gonzalez.net,"645 Elizabeth PassWilliamview, MS 51544",MediumVioletRed,33.90022441401576,10.956790967791653,37.266878259420906,2.952668957921736,442.667251738628
josephgould@west.info,"861 Annette Stream Suite 771North Miguel, CA 33824-1610",DarkBlue,34.18777482695728,10.320116255059194,37.45340510152358,2.0948917061051766,384.62657156940537
wbrady@yahoo.com,"044 Riggs ExpresswayLake Stevenchester, AL 22283",SandyBrown,33.762069239131385,9.98451439654646,35.93344930095986,3.8554716845641805,451.4574468676027
smithtracey@mcgee.com,"PSC 4508, Box 7961APO AA 55271-2375",DarkOliveGreen,34.390163664343326,12.645195140843521,38.46832110587932,2.874596910303952,522.40414125956
amberchase@fowler.info,"1867 Gregory Isle Suite 022Port Tammy, LA 52305-9696",GreenYellow,33.92529660119954,11.588655423353044,35.25224202243303,3.3920504890738385,483.67330801904563
gregoryholmes@hotmail.com,"2891 Martin Plain Suite 197Melaniestad, NE 65650-8529",DarkSalmon,32.68822929602445,13.761532847115614,39.252930950406224,2.995761182613056,520.8987944502368
jeffreydawson@gmail.com,"9944 Trevor ExpresswayRobinsonstad, OR 34630-1840",DarkSeaGreen,34.3018702154015,10.56829468563276,36.17312563197192,3.3152247539154036,453.16950235469744
rjohns@gmail.com,"264 Derek Dam Apt. 680West Danielle, SD 91517-8611",DeepPink,32.843930222655175,11.832286222863626,36.81401056250368,3.4719191365417483,496.650708068581
john85@martin-morgan.com,USNV ReeseFPO AA 73568-0730,Olive,33.75499472831927,12.064156632199321,37.27122169250193,3.9705556280753487,547.3651405940458
vcoleman@yahoo.com,"7761 Hughes Curve Apt. 880Rodriguezberg, MN 96206-5317",SkyBlue,33.879784289702826,12.495591602384836,38.05260975257308,4.639320331857263,616.8515229667128
floresarthur@yahoo.com,"12612 Johnson Skyway Suite 764Jessicaville, CT 14968-6590",Magenta,33.07653560709715,9.607314687519166,36.49399254673739,5.0812100924911086,507.21256900067846
ryan36@gmail.com,"5379 Rhonda Prairie Apt. 696Brownland, WA 87027",DarkTurquoise,32.227299136367215,13.728627177429864,37.99702800956553,4.802630630523376,613.5993233689068
chris67@ryan.biz,"716 Bush Greens Apt. 098Trevorton, MA 17817-8000",Silver,32.789772618310714,11.670065919118976,37.4087484767376,3.414688422504897,483.15972078451705
katie25@gmail.com,"6861 Lopez Fork Apt. 114South Jamiechester, DE 63993",SpringGreen,32.77260992960089,13.276313008175375,36.60077705432864,3.462298847460372,540.2634004105403
kyang@diaz.org,"223 Love Trail Suite 831Port Jeffrey, IN 46849",OliveDrab,34.374258045247466,15.126994288792467,37.157624094065255,5.377593583586979,765.5184619388373
tadams@contreras.info,"049 Matthew TerraceLake Matthew, MS 20210",Aqua,33.0787172146689,12.695789749023144,35.358444307206696,4.0017863457980845,553.6015346844503
craigcastro@burgess.com,"65407 Warner Forges Suite 071New Lori, AZ 30132-2395",OrangeRed,32.80522040097184,11.835476087614285,36.375066106372905,3.4395905595500764,469.3108614953106
ellen24@anthony.com,"PSC 3408, Box 3353APO AE 05113-1257",LimeGreen,32.43075793005128,11.306232344673575,37.68040322813719,2.7795207192736093,408.6201878298378
davisrobert@hicks-smith.com,"95967 Pitts BurgsWest Sarah, MH 27817-5147",SkyBlue,32.179099972602344,11.187538910878676,40.005181638101895,3.5526497674265176,451.57568515949305
walkerlaura@peterson-yates.com,"89154 Jones Stream Suite 311East Katie, NC 72742-1516",LightGreen,33.15417578832186,11.887494133971662,36.265000697022046,2.6022871120328714,444.96655165329264
marc54@hotmail.com,Unit 6174 Box 1949DPO AP 27478,SandyBrown,34.33589583979252,12.2289347111239,36.1571911511149,4.694322274442824,595.8228366992038
gregoryrussell@yahoo.com,"55436 Devon PlainWest Kendraberg, HI 18826-3623",Teal,32.38625185558597,10.674653472691904,38.00658317947767,3.4015223445155094,418.1500810968496
williamsjohnny@ferguson.info,"51920 Kent Junctions Apt. 352Walkerport, NY 11257-6647",LightYellow,32.808697592685014,12.817113090284247,37.03153921676629,3.8515788003584657,534.7771880994133
haydenrebecca@gmail.com,"10022 Wilson Orchard Suite 107Harrisstad, MH 99272",MintCream,33.879744967981246,13.5878060830337,38.26035344266013,3.2581128828882795,578.2416050583772
langmatthew@hotmail.com,"606 Perez DrivesMaryside, CO 94387-5877",DimGray,32.04983939045731,12.238057349986248,38.730861735419545,3.1205689148169737,478.7193568742153
david43@richards.com,"967 Andrew SpursMathistown, CO 28230",Indigo,33.555207421432236,11.55182116621942,36.628834292811774,2.8379431640697987,444.2859074976437
paulkemp@yahoo.com,"PSC 9698, Box 5466APO AE 75496-3580",LightSalmon,33.14207932732039,11.433379933334455,35.89243163440533,4.4702825841200236,544.7798637193824
fbryant@gmail.com,"284 Jennifer CurveLake Hollyberg, IN 05228",GreenYellow,32.597182659813626,10.889566863427978,38.21257083414733,4.4420543290111665,488.78606109390563
kimberlyfrederick@gmail.com,"71299 Jessica ShoalsEast Mark, IA 48085-1070",DeepSkyBlue,33.167136876950536,11.928842093866267,36.914633311440866,3.1649439952851135,475.759067788328
sharon82@saunders.info,"873 Clay Flats Apt. 810Lake Kyle, GU 48782",DarkGreen,31.514737857801986,12.595671305072534,39.600376465861395,3.7517345520890513,489.8124879964614
fishermichael@ramos.com,"565 Duarte Keys Suite 293Traceytown, IN 17797",LimeGreen,34.59402114954151,10.947258584185183,35.883994387012145,3.159754443950926,462.8976361529081
ilawson@hotmail.com,"19018 Christopher Neck Apt. 963Mcintoshchester, IA 66908-2456",DarkGoldenRod,33.50136982210362,13.898081993497069,37.058912816506904,4.130562809236324,596.4301726172282
shafferdaniel@murphy-harris.info,USCGC ThomasFPO AP 43708-2468,Turquoise,32.40237101796123,10.875559548189257,37.78114255999947,1.9140899242311,338.31986264152215
stevenanderson@yahoo.com,"5401 Holt Corner Apt. 195Hannahstad, NC 86693-3595",LightGreen,34.655485679579876,10.338072695038539,36.15725594420065,4.3966519010970835,533.5149352552407
richard16@boyer-pratt.com,"4568 Jeffrey Lane Apt. 512South Jason, WV 78116-0966",LightSteelBlue,31.80930031667919,11.63466821794247,36.182539282355286,5.1133194748706225,536.7718993628412
hyoung@jones.info,"73469 Baker Forest Apt. 550Allenbury, TX 63791",Cornsilk,33.87777930012253,12.517666287393075,37.151920660971435,2.669941624279581,487.37930601702914
erik46@hotmail.com,"20711 Martin Harbors Apt. 582New Justinborough, AK 40834-2664",LemonChiffon,34.44787143648077,10.607723870859086,36.819095513184706,3.3664637433729325,473.7289665129948
rojasmichael@wagner-thomas.com,"7602 Scott Plaza Apt. 158Lake Amberland, VI 10516-3276",DarkKhaki,31.95630056052337,12.8288933950187,36.951616684246815,4.571213023779052,547.1259317471988
lance88@briggs.com,"16001 Wilkins Island Suite 852Jonathanfort, AL 88541-7817",FireBrick,32.605583641570504,12.068816079691766,36.1050004999139,3.917451119136939,505.11334353985785
anthony09@hotmail.com,"5118 Madden Views Apt. 738North Barryport, AS 28731-2270",LightSeaGreen,32.491446603122874,12.530357373542884,37.87521910003027,2.4761390505964114,449.0703194428044
audreyjohnson@rosales.com,USCGC NicholsonFPO AE 43987-0470,SlateGray,33.616018552595435,13.516284296962846,36.77312349371806,4.125584363255396,611.0000251040717
beth76@yahoo.com,"4522 Paul Heights Suite 851Adamsland, RI 08981",Crimson,33.47160052695171,11.662263431208274,36.05024078202619,3.9972553776226674,515.8288148548279
larrywest@davis.com,"21918 Gail GlensBarbershire, SD 45790-8387",MidnightBlue,33.710653059122684,13.664747875183544,37.72438615760942,1.3626740800013843,439.07476674164496
raylopez@hotmail.com,"3600 Amber Plains Suite 002North Jamesburgh, VA 07917",DarkGoldenRod,32.19772379742183,11.83023109487895,36.63385670229112,4.193324635532072,514.0889577465721
middletonrenee@gmail.com,"71757 David Freeway Apt. 851West Carriefurt, NC 27106-3364",DarkCyan,32.46121244511541,13.291143045352884,38.633625651583536,3.871003400176416,543.340166256701
grichardson@ryan.info,"79139 Boone CommonStewartstad, DE 63633-1812",SteelBlue,33.790387206952126,11.942340869536073,38.063413586838934,4.081802694781509,521.1429518103512
esmith@gmail.com,USS JohnsonFPO AE 35617-5384,OldLace,34.18382052058911,13.349912944366533,37.827394227862136,4.252006105620936,614.7153338263417
michael53@munoz.com,USNS MitchellFPO AP 92946,MediumBlue,32.288666909138946,12.020112091208748,39.07440021133697,3.911708668370663,507.39006178986654
jacqueline46@mcdonald-smith.biz,"3794 Michael Forest Apt. 750New Stephenberg, MD 61004-0181",Gray,33.826352009072124,12.084091730811036,35.89035795567322,3.021671821710012,495.2994425473087
briannasantana@gmail.com,"88978 Noble CrestNorth Rosemouth, FM 53484-6689",LightPink,32.49839307472945,13.410759184940549,35.990488954758504,3.1846186616208865,518.0645579840107
mark52@yahoo.com,"82227 Farmer Throughway Suite 266Leeborough, WV 35324",BlanchedAlmond,31.88540629991176,11.28193107410364,37.385317552778375,2.877224878259828,390.1032729724755
acampbell@sanchez-velasquez.info,"5791 Jessica CoveMckinneyborough, OK 64460-7536",Wheat,32.425697279750864,11.448901535513794,37.580190429177314,2.5869679851624765,420.73767324463716
qgarcia@williams.com,"465 Kenneth Common Apt. 192North Tracy, WI 36024-8978",Aqua,33.43782956230187,12.595420346380534,36.26203180012439,2.9696402266327597,492.1050523891852
jenniferking@hess.net,"06939 Jones NeckMariaview, VT 87641",BlueViolet,31.389585480664397,10.994223919350974,38.074452419704535,3.4288599039280125,410.0696110599829
taylor91@hotmail.com,"3132 Willie HarborKaylafurt, FL 01107",CadetBlue,33.46869994900622,13.085505760060856,35.84582711383271,2.926940235492512,497.51368332936767
afry@ford.biz,"399 Jeremy Skyway Suite 377North Keithville, IL 55074",PaleTurquoise,32.291756100263015,12.190474287309025,36.15246208860067,3.781823039343296,494.55186108657256
amandadean@gmail.com,"66880 Mckinney HillsMatthewchester, MH 88386",DimGray,32.063774620313694,10.719149740628396,37.71250863884946,3.004742535925674,378.3309069068038
brenda68@hotmail.com,"0377 Reed Via Apt. 169Alexandershire, MO 43498",Moccasin,33.15569970295208,12.931550271647987,38.16643555663392,3.854473855602962,570.451725912857
bakerdrew@gmail.com,"39637 Griffin Plain Suite 691New Deborahview, MP 73870-3773",Chartreuse,33.35687434475742,13.452128959435642,38.5030088492416,3.3188222789308934,549.0082269346927
connorlambert@yahoo.com,"931 Andrews HeightsSouth Shelley, NV 21850",Khaki,31.85307480174657,12.149375491578276,37.325334223819354,3.361814624383144,459.285123462352
tknapp@yahoo.com,"15810 Karl PlainDavidville, TX 64072",MediumSpringGreen,32.01230076824544,12.178331333996287,37.71598617762173,3.722561172893833,492.94505306595823
garcialisa@yahoo.com,"46079 Gonzalez LoafWilliamside, PA 72265",LemonChiffon,32.388451625505326,11.010482132400076,38.41504158153833,3.5435470501829984,424.7626355099111
josephallen@hotmail.com,"3144 Jamie RestMaxwellville, NC 93749-1190",PeachPuff,32.65318145878372,11.60253219348616,37.309688770879504,2.7894615163747076,422.4267758765091
hailey18@yahoo.com,"08079 Thompson VillageNorth Lukeborough, AL 16825",Lime,32.93133644189654,12.732211588456625,35.600820549110864,5.4859767341605234,642.1015787311585
whess@hotmail.com,"29282 Alexander StreetSouth Andrewmouth, MS 22041",Tomato,33.23560650069385,11.223368888365105,37.692300861282355,2.59418972057778,413.3717831104521
josesims@hunter.com,"8830 Debra Loaf Apt. 341Drakeville, ME 22340",SlateBlue,33.92579489547877,12.01102187657459,36.701052315547926,2.7534241687581194,479.23109291159307
dtaylor@webb.com,"18219 Jackson WellFosterton, MP 85302",Orange,33.05926409135838,11.725910097840956,35.9990993016087,5.004820577490747,593.0772413447513
briangonzales@gmail.com,"572 Michelle Motorway Apt. 889New Craig, ND 17250",Fuchsia,32.401731827354666,12.08930957243735,38.3099078951232,3.8733375687432523,506.5473070543517
jared99@yahoo.com,"PSC 0811, Box 7054APO AA 91691",GoldenRod,33.88994100692418,13.068638584182436,37.540520355122574,3.79872531905254,571.3074948754644
qchristian@martinez-allen.com,"26737 Brooks RoadsVincentstad, VA 93089",GreenYellow,34.569381218693444,12.85499036656409,35.00748225744693,3.2927976625756474,576.311177371677
ngarcia@donaldson.info,"662 Wells Stravenue Apt. 578South Kristaview, DC 49423-2452",ForestGreen,33.70160519868888,11.564022368065539,37.67321036564864,4.716104987209577,576.8025473995871
scastillo@hotmail.com,"0922 Gutierrez LoafWattsbury, OH 96315",Moccasin,33.26833021768797,11.113329897404322,37.38794554263559,4.018726609737513,514.239520718957
joshua56@garcia.com,"38154 Davis LocksLake Stevenfort, KY 86814-9222",Indigo,31.35847719243701,12.809883473378116,36.5496679900966,3.637701279515837,495.1759504494754
richard81@day.org,"7955 Samantha Walk Suite 230North Luis, IL 44629",SlateBlue,33.01479221522831,11.761172325483109,37.57016384471318,3.8341696666325986,514.3365582674006
jessica97@hotmail.com,"32202 Curtis Branch Apt. 411Port Brettmouth, KY 01192-0594",Cyan,31.57613197132227,12.579894173618062,37.09326487011031,4.531986606666632,541.2265839893283
angelaphillips@gmail.com,"102 Karen CourtNew Jameston, SC 57761-6570",MintCream,32.657268594778124,11.957923064554107,36.63465232853774,4.106055151602658,516.8315566841785
donald67@harrison.com,"9759 Tammy Skyway Apt. 171Lake Debra, AS 95011",Lime,34.709323296131586,10.651793783474174,37.14600652898046,3.2182653850978555,468.44573722740637
zmalone@yahoo.com,"PSC 6717, Box 7673APO AE 66950-0088",Moccasin,34.536659179877404,12.75207661096469,36.71413783923341,3.283663455404016,548.2803201983364
rlindsey@norris.com,"581 Smith Prairie Suite 995Andersontown, AS 58802",Green,32.771715009701,11.540832436151053,37.52642102779245,2.924020724598205,431.6177337614297
lewisgabrielle@hotmail.com,"422 Rivers Springs Suite 221North Barbara, WI 51990-7596",LightSkyBlue,33.70040045682241,11.924394923280015,37.24503246996753,3.90525030898213,552.9403454501056
kristina69@gmail.com,"2859 Rodriguez ForksPort Josephtown, OH 13591-3011",BlueViolet,32.43977025334846,12.4241304114395,38.94882502753235,4.920318406118319,573.3062222574563
krista86@norton.net,"0537 Rice VillageWest Kylieberg, NJ 19433-5090",Azure,34.31216699740784,11.810586764578169,37.41413357473937,2.473596120847858,452.62725499508304
chelsea05@hansen.com,"7182 Stephen Fork Suite 150Port Laurachester, CO 99974-1961",LightGray,32.45517628513712,12.759168978762087,36.599112354294384,4.131276648377654,542.7115581025776
jill33@allen.com,"459 Amy BurgLake Travis, OR 53314",DarkCyan,33.540976791782235,11.85189083494272,37.42454792226391,1.7677307075942403,407.8040306356823
welchashlee@hotmail.com,"PSC 8159, Box 3254APO AP 71071-4890",GreenYellow,33.358398281424215,12.70368792886871,36.10091445210865,2.72410820200549,482.3535703213532
dawnlewis@watkins.org,"623 Erica FlatLake Josephland, MT 73514",Crimson,32.68612925611517,12.21525242490249,36.594361684891574,3.897115859957253,529.2300901235094
ashleychristopher@gmail.com,"9271 Christopher PrairieDouglasshire, NM 18581",MediumOrchid,34.558294609144475,11.281445003567141,36.4944064828881,2.491671541288354,433.0487690958266
acontreras@hotmail.com,"88995 Edwards Row Suite 456North Jo, DE 02062-7953",Sienna,33.5477479443078,10.735362917985057,37.45837473122322,3.8634254422050343,476.1914133494556
alvaradoadam@jones-thompson.com,"35970 Holly KeyPort Frank, VT 78059-9385",Aquamarine,31.954903856634846,10.963131776054833,37.327282689879496,3.5786339003939878,439.997879939927
thomasgeorge@gonzalez-grant.com,"93306 Donald GreensNew Christopherbury, SC 59447",FloralWhite,31.066218161637593,11.735094549013706,36.59937399114725,3.9588922643660966,448.93329320767435
solischristina@gmail.com,"43102 Russo View Suite 717Hollyport, SC 15344",SlateBlue,31.85125312860837,12.41896198100501,35.97765170714366,3.251741770306888,472.9922466667984
jacksonboone@rubio.com,"973 Marc PortsBrownstad, IN 48786-6700",Sienna,32.609282635640405,10.537307537840883,35.73055240228659,3.914384667246393,463.9235129903258
kaitlyn78@chang.com,"978 Bean SquareDeanburgh, OR 95149",LimeGreen,32.11511906601424,11.919242397939177,39.29404346247573,1.4435150746515455,350.05820016384513
francisgeorge@thomas.org,"27563 Vincent LakeAllenchester, DC 22159",Teal,33.924624809512075,11.911415556879856,38.27470219571764,2.910037916541069,460.06127739124327
linda90@yoder.org,"979 Alison Motorway Apt. 676North Frank, HI 55870-2651",WhiteSmoke,33.477190403003306,12.488067002053029,36.51838358912681,3.3455709758422434,505.77114032295646
david79@lopez-montes.com,"969 William ManorWest Sherry, MA 66282-2258",Purple,32.116400120928155,12.380694979552985,37.23200330765404,3.0895277822700096,463.484995404266
micheleblanchard@lopez-greene.com,"555 Hunt Track Suite 307South Kristi, PA 73709",SlateGray,32.255901204449785,10.480506832694497,37.33866962178549,4.514122441132637,479.73193764530447
pmercado@rodriguez.com,"811 Maria RunSanchezville, MI 04953",LightPink,32.69239221858063,12.296517680733736,36.951555210501326,1.8258846690261428,424.18549428888633
james30@carter.biz,"3604 Richard Junctions Suite 448Brownburgh, CO 64856-8238",LimeGreen,32.384732659005124,10.86160419912899,36.584437621758106,3.993656512525085,465.8893127108669
parkerkayla@miles.com,"170 Andrew MewsNorth Susan, NM 85338-2426",DarkSlateBlue,34.3387293850918,10.716355140061573,38.3072040068692,2.6521583048512407,426.7752159856604
alicia85@lee.com,"14220 Carla Flat Suite 521Lake Matthew, DE 06183",DimGray,32.88710464561531,12.387184173554845,37.4311590983261,6.401228837806772,684.1634310159512
dominguezjacob@hotmail.com,"8594 Erica Manors Apt. 529Lake Miguel, MH 10652-9266",CornflowerBlue,32.510217994444325,10.984835888186163,37.396497475332055,5.391275125020631,555.8925953881737
ebrown@osborne.com,"4291 Nichols Fork Apt. 562Thomaschester, SC 08938-8769",DarkSlateGray,31.94539574834452,12.965761479512215,36.96638889642577,6.076653638440144,657.0199239376519
nathan86@hotmail.com,"748 Michael PlazaWest Billyside, UT 20799",MidnightBlue,36.13966248879052,12.050267234380506,36.95964319393419,3.8648607392342784,595.8038188761143
aaron11@luna.com,"672 Jesus Roads Apt. 443Thompsonland, WY 69228",LightSkyBlue,32.44952156114242,13.45772494051235,37.23880567308968,2.941410754428091,503.9783790525795
fsnow@ellis.com,"0272 Jones WayLake Angela, MP 97003-5793",MediumBlue,32.294641549565036,12.443047890439868,37.327848037843715,5.084861308602488,586.1558701804727
asilva@yahoo.com,USNV JohnsonFPO AP 19026,Wheat,34.60331111938746,12.207298491050794,33.91384724758464,6.922689335035808,744.2218671047146
casey21@johnson.com,"691 Johnson Field Apt. 510Michaelville, VI 78140",SpringGreen,33.5985203185533,11.586319529181235,39.09462702670515,3.6043985602569495,512.8253581285203
campbellross@yahoo.com,"6218 Michael Station Apt. 982Salazarburgh, NJ 79955",DarkRed,34.56868084571511,11.378087087773375,38.304471191707776,3.7849321101304056,528.2238093680072
blevinseric@stephens.com,"PSC 3676, Box 1549APO AE 26130-7683",Orange,32.83810016055479,12.364341604455197,38.039109387074966,3.3091823280429797,468.9135013219844
stevenking@patterson.com,"94730 Martin MountNew Matthew, VI 08142-6708",LightGray,33.50370517913956,12.399436075147092,35.01280603355904,0.9686221157417688,357.5914394150861
samuel94@hotmail.com,"5480 Vazquez Crossing Suite 825East Christopherland, PA 42104",DarkViolet,33.30188161463884,12.542481050786341,38.31136489758187,3.7685619627098967,536.4231045259343
johnsonpaul@keller-woodard.org,USCGC DodsonFPO AA 87781-3935,LimeGreen,30.879484344127498,13.280432242922114,36.93615937845674,3.5851606351613436,490.2065999848547
twilliams@gibbs.net,Unit 6678 Box 6628DPO AP 44369,CadetBlue,33.15425475700075,11.795886676889108,37.65861690944284,4.5203533774965585,550.0475805761635
teresapacheco@salinas.biz,"75805 Larry MillsEast Cristian, MH 53820",DarkMagenta,32.04780097886789,12.718039174525654,37.661106683992855,3.6758488000184415,513.4505711860965
allison80@carson-hansen.com,"04311 Oconnor Park Apt. 415Kelleystad, ND 63064-8935",ForestGreen,33.63080076787103,12.039647840787234,38.924087050629204,2.873007508505152,497.8119300055205
turnerryan@hotmail.com,"770 Lewis Pike Apt. 869Phelpsport, PA 93969-4887",LightSkyBlue,34.04663802802127,12.474455453922836,35.037856159447585,4.055775961742958,578.9862585804897
walkererica@scott.com,"86536 Barnes TrackSouth Kyle, MT 21570-5606",MediumAquaMarine,33.644177000440536,13.160020040286033,36.4077474507818,3.015175298743708,506.5363931400864
mark94@yahoo.com,"586 Timothy Union Suite 592East Joseph, MO 81374",Salmon,32.65462160732388,11.052323653306686,37.63300941664362,4.717102512825834,501.74923330839226
daniellecuevas@hotmail.com,"9287 Daniel Rest Apt. 608Allentown, SD 73050",LavenderBlush,33.42874704259606,10.636761083696546,37.57883524203316,2.926396448726688,421.9667941858674
gbarnes@gmail.com,"8667 Suzanne Motorway Suite 241Spencechester, KY 74385-4618",Green,31.864832548098732,13.443405985146251,36.87831536782346,2.361086946869883,439.8912804768137
cody68@hotmail.com,"374 Dana JunctionsLangside, WI 36474",SpringGreen,34.48238804881123,13.28303286832567,35.907298426852456,4.9687426737281415,666.125591725772
fischermonica@gmail.com,"9847 Michael Plaza Suite 837Lake Christophershire, NV 87324-8427",Navy,32.529768731474434,11.747731701242175,36.93988205032054,0.8015157200042076,298.76200786180766
brenda25@gmail.com,"353 Jones Loaf Apt. 767South Michaelburgh, PR 16281-4840",OliveDrab,33.432231396262715,10.859608533152715,38.835670080853426,3.669225611315444,465.17662330529686
david58@yahoo.com,"6058 Thomas DivideMatthewland, PA 89442-8198",LightSalmon,33.30857161628053,11.691686125826351,37.48091197626706,1.7157771665531147,373.88572369695015
clifford76@johnson.com,"8032 Hodge Circle Apt. 255Lake Jessicashire, OR 54914",RosyBrown,32.33263706834172,11.548761439776756,38.57651554990162,4.773503047345896,532.7174856761749
jacquelinehughes@bennett-branch.info,"601 Ashley Loop Suite 162Port Benjaminview, DE 02456",DeepPink,34.71345123397026,11.72400223179126,36.81385766052378,4.087837272921703,554.9007830202702
victoria53@hotmail.com,"16329 Sara Neck Apt. 463Bryanside, TX 62329",Pink,32.63587799818993,12.178573080885847,35.6742560274292,4.131755039569861,537.7731625414566
cunninghamkyle@ellis-parker.org,"449 Williamson Lakes Apt. 118Travisville, AK 06848-0177",LightGreen,33.07570303157222,12.319845062066673,37.819155112276825,3.4427992020016864,501.100245232053
jjones@yahoo.com,"047 Carla LocksCoreymouth, AR 98066",GreenYellow,32.23014911593311,11.084360836740514,37.9596843202141,4.724027439824315,517.1651355939779
michaelferguson@torres-miles.net,"757 Amber Gateway Apt. 787New Stephaniechester, OR 61576-6056",Sienna,34.142863372870714,13.177774533773801,38.856041708111945,3.2309738432875563,557.5292736134538
crawforderik@price.org,"5183 Michael RampEast Lukeburgh, FL 93972",DarkKhaki,32.4971984614607,12.832802836968114,37.67924462448078,2.9722713820798212,493.71919297817595
jlawson@mccarthy.com,"0127 Morgan Fields Apt. 080Thompsonfurt, ME 01160-7043",LightGray,33.122399984316985,11.509047996817198,37.25305774145061,3.1823297317868184,452.12262508578493
marshchristopher@zimmerman-villegas.com,"667 Stephanie Lake Apt. 658Marthashire, NC 11815-2307",DarkRed,33.088529366211525,11.85766344472502,36.0869343253416,4.8063496187852826,577.2734549822936
oolson@collins.com,"07867 Horn LakeWest Teresatown, VT 64387-1228",Aqua,32.53379686092211,12.293365838346627,37.06462119956545,3.6203649883552,485.9231305248517
isaiahcampbell@yahoo.com,"55414 Ramirez Union Apt. 614West Crystal, CA 03845-2631",Red,32.48426048276214,10.93325227854703,36.54550622682937,3.261324744787093,425.74509203105276
kcannon@alvarez-cline.info,"55479 Peters Field Apt. 702North Micheleberg, PR 45063",Lavender,32.543459169597696,13.332839284456394,37.964390331775896,3.597459968849926,537.2150526997326
nielsencarmen@harrell.net,"2491 Yates Crest Suite 316Connieville, FL 92080-0819",DeepPink,32.28312306113335,10.902556227019767,36.09424195284947,4.789201624179895,524.6379646141048
efreeman@moore.com,"223 Powell RidgesEast Richardtown, RI 90715-2178",White,32.200798643965314,12.276981712741966,38.23260622710401,3.3164647447029107,478.8853913201482
roblessarah@hotmail.com,"022 Taylor Mews Suite 692Hallberg, NJ 53614",MediumSeaGreen,34.71331650656199,12.038808239866547,37.63529940965426,4.632460945972205,612.3852298963608
christopherhaas@gmail.com,"56674 Melanie FlatsSchneiderberg, IN 66532",MediumPurple,32.71251232693568,11.724473856834607,37.15315160406014,3.3084430006746035,476.76672415476344
ethomas@yahoo.com,"1279 Douglas MountainsPort Christopherberg, RI 32811-8325",LightGreen,33.69489765096749,11.202669899735568,35.49396408005128,4.015986640445782,505.11963752820367
wevans@gmail.com,"222 Jason ParkDominguezshire, NC 98241",Tan,31.570200829320264,13.378063328893633,36.33780003116479,4.369366793790984,545.9454921414049
patrickorr@yahoo.com,"6009 Heather ParkHowardhaven, SD 51705-2993",LawnGreen,33.459476848964336,11.388612618641037,37.909138717559856,2.56663984381683,434.0216997527185
mary84@edwards.com,"19123 Craig Isle Apt. 719Millsmouth, SC 94194",LightSkyBlue,31.820998201672072,10.771074062599588,37.27863979370761,3.5190324339539223,424.67528101321335
longwilliam@gmail.com,"16068 Kelly ParksWrightside, NH 21447",BurlyWood,32.73322416398153,11.818571762284998,37.102031326859105,1.503854421225295,352.55010816300035
lisagutierrez@johnson-herring.net,"89300 Amber Centers Apt. 879Victoriaton, VT 98394",Peru,32.407148299996685,13.808798675105963,37.42676891745393,5.039955263662929,662.9610878058954
david81@hotmail.com,"1576 Lane ShoalRogerton, PR 63867-3426",Thistle,33.506092281309364,11.659832840871447,37.28139282998597,4.47871260846301,560.5601606242603
jacksonking@mccormick.com,"120 Micheal Fort Apt. 762East Patrickbury, WY 65946",DarkMagenta,30.83643267477343,13.100109538542807,35.907721429679654,3.361612984538193,467.5019004269896
jessica04@christian-riley.com,"338 Graham Loaf Suite 236East Toddton, FM 43566-4238",LemonChiffon,34.87849495417028,13.067895684999526,36.67822227440393,1.9207154781756468,504.87043239337237
simmonsmartin@hardy.com,"2302 Joshua ParkMillerbury, WA 30239-8144",MediumVioletRed,34.00721197222165,12.494322933269391,36.045459420486154,4.3307144618605635,590.56271964715
michellejohnson@sanders-rodriguez.com,"70562 Gonzalez StravenueElizabethland, WI 40700-9149",Teal,31.525752416968214,11.340035931978807,37.03951365322458,3.811248170807232,443.9656268098819
tylerhernandez@barton.info,"7613 Miguel Knoll Suite 762West Katherine, WV 19406",SlateGray,31.04722213948752,11.199660962300452,38.688709099424365,3.0887639575315755,392.4973991890214
connerjoseph@gmail.com,"981 David SquareNew Jacquelinetown, AK 66018-4092",Turquoise,34.59577669439264,11.332487778094174,35.459862797144744,4.541695256706066,568.7175759305222
jeffrey54@mcdonald-williams.com,"297 Francis ValleySouth Lindsey, NY 13669-5367",Gainsboro,34.96760988717724,13.91949439608817,37.95201318688309,5.066696864020984,712.3963268096637
hevans@kelly-nunez.org,Unit 4065 Box 2267DPO AE 69180-7372,Orchid,32.29524762622046,11.031358340409188,38.252978273334655,3.1074686827074625,413.29599918102974
lewiskendra@yahoo.com,"988 Matthew PlazaLake Jacobshire, AL 37889",Yellow,33.324240521849696,11.084584086421874,36.77601657686874,4.7469897029351396,562.0820453929382
freemantina@cannon.org,"870 Dennis ThroughwayWilsonport, PW 12658",AntiqueWhite,32.903454333014224,10.542645423983108,35.533863500263074,3.091826869545788,412.012931298847
wagnerbrian@hotmail.com,"50593 Wells Roads Apt. 110South Amy, MI 06969-2026",AliceBlue,32.55949313011333,11.79779551488024,37.777365796776465,3.1956257763719886,468.66846559912733
melissa08@nelson.com,"15863 Harrington Glens Suite 012Marystad, LA 50652-8210",Tomato,31.76561882104241,12.442616548294636,38.131712025636475,3.8502796390964265,496.55408163560713
karina59@gmail.com,"9580 Clark Trail Suite 687Williamsside, FM 57367",PapayaWhip,34.08164619679617,12.104542428062684,36.059645979864996,3.974522480483529,548.5185292758069
baldwinbryan@estrada-silva.biz,"1470 Kathleen PassSouth Christopherberg, SD 22850",MediumSeaGreen,33.304431285296005,12.37849022280867,38.76429717446252,3.843848921495288,536.1308968550213
audreyguerrero@carey.com,"1995 Susan Locks Suite 760East Cheryl, AR 37103-5176",BlueViolet,34.33075044367848,13.722453676229962,35.773116391246816,2.9090084604850786,558.4272571753238
drew29@hotmail.com,"20888 Erin ViaGrahamville, NH 72913-6101",Tomato,32.07894757956938,12.725909323593955,36.54466409871873,1.1390935384245742,357.86371863839173
michael00@yahoo.com,"03065 Henry Courts Suite 443Derekstad, VT 88473",DarkSlateGray,33.605798998912356,13.685118899623589,34.89198326749108,2.6852848361090778,529.0566631985306
jgray@khan-allen.com,"1416 Rachel CrescentWest Laurieside, IL 81119-7229",Gold,32.74515048083576,10.012583366223023,38.354959870264494,3.1089114491812744,387.3570727364218
bushsusan@hotmail.com,"20618 David SquareGayland, HI 78719-9628",Moccasin,32.12236479579778,11.435533874300315,36.22355746230224,4.852842407156434,528.9336185650203
charris@gmail.com,"2781 Matthew Wells Apt. 569Potterview, KS 50763-8282",MediumSeaGreen,32.53082944110282,12.354607081759855,37.12234520816764,2.30755242118396,420.91615953269286
longphillip@yahoo.com,"13044 Woods HeightsAndreamouth, ND 52317-6007",LightGreen,31.736635686050285,10.748533655415796,35.738707471214525,4.83552866742221,496.9334462555319
madisonalexander@gmail.com,"791 Allen Trafficway Suite 776Christopherland, DC 41460",Orange,34.11756669418932,11.59187166512224,37.743619699549896,3.6785893989539975,519.372976801355
mfoster@brown-white.com,"36192 Ho SpringNew Michael, RI 65851-6369",Cyan,33.63662445812838,11.236506758754027,37.675020732908045,5.254708925941115,591.4377355684502
sanchezkara@hotmail.com,"40494 Robert ParkHeatherside, IL 70364",SlateBlue,34.33486453305802,11.109456333168433,38.585854757332655,3.8928914802112553,502.4097853029053
floresbradley@hotmail.com,"446 Daniel Rest Suite 644Port Matthewhaven, MN 89465",BlanchedAlmond,34.814983943728855,12.114944955194904,36.28872395038688,4.3894552264165165,604.3348400688553
lamryan@curtis-garcia.net,"96393 Joshua RapidsJonesview, VA 58733",LavenderBlush,34.642669758092204,11.866481205181707,37.71777057005867,4.003325039023282,555.0683940545761
alexandra26@summers-davis.com,Unit 7032 Box 7016DPO AE 44749-2992,Navy,32.83694076702139,10.25654903128796,36.143908456341634,0.7895199078816915,256.67058229005585
ocortez@gmail.com,"4800 Ashley Spur Apt. 347Dannyfort, GA 23352",MediumBlue,32.299647163504964,12.168596472860555,37.073616172195656,4.403369830866465,547.1109823629461
melinda39@morton.info,"13693 Cox Falls Apt. 693Padillaview, PW 28998-0386",Moccasin,31.94801742116136,13.085356892368793,37.60565280041329,2.648596770203317,461.9208768928978
lisa94@jackson.com,"40288 Stephens Corner Apt. 221West Stephanie, OK 55617-4332",CadetBlue,32.72731919612472,13.013375627349653,36.65127791701514,2.3678482243852215,458.3769106506301
lucastaylor@yahoo.com,"63872 Chavez LodgeDanielton, NJ 85847",MediumTurquoise,33.94624061993669,10.9839767277944,37.951489458573896,3.0507129732180167,436.28349814675136
apark@walsh-obrien.net,"28942 Bradford CrescentNew Morganfurt, MD 77162-0478",DarkGreen,32.35147815076609,13.105158522307253,35.57484166706179,3.641497161540088,532.9352188376637
dominguezmaria@gmail.com,"1768 Rosales Ford Apt. 793Lake Markbury, SC 31567",RoyalBlue,34.173752023676585,12.144748536704865,37.25803145871123,3.397363092819078,512.5525343564016
jimmy11@hardin.com,"496 Bush Turnpike Apt. 674Donnabury, OR 32596-0079",DarkGoldenRod,32.97518182625784,13.90991551102909,37.79223754313028,4.297686524285517,630.4227632299235
patriciajackson@jenkins.info,"981 Matthew Valley Apt. 621Lake Tracyburgh, NM 33288-1364",Thistle,32.00475302036483,11.395209434440886,37.33281445580523,3.8033649990651752,463.74598112062944
rayvanessa@fischer.com,"2583 Mark SpringsLake Robert, AL 40928",White,34.19705969450868,13.033566182687187,37.07679515601331,2.6334199887174443,493.18021624931
gharrison@davis.com,"04140 Cameron Brooks Apt. 724South Laurenberg, HI 08562",MediumSpringGreen,33.177204666060376,11.622777173031125,35.96889569049679,3.634093727357596,501.2091726816533
alexandermichael@hotmail.com,"2086 Lisa ViewOrtegabury, MI 43544",WhiteSmoke,32.69323953887129,12.600750401563928,37.37011822360151,3.467014066009709,501.9282648732441
christopher66@hotmail.com,"388 Kelly PikeWest Jeffery, DE 44039-7785",BurlyWood,31.625360134830608,13.187910985159366,37.06708996741924,1.4943108951995074,376.3369007569242
archeremily@baldwin.com,USCGC HernandezFPO AE 53064,YellowGreen,31.260646869879523,13.266760352944493,36.971195097457155,2.267251114447051,421.3266312569514
hornesteven@gmail.com,"91425 Roy TrailRivaston, NE 34949-2588",White,31.72076990028731,11.752343171850052,38.57360522634684,5.023934200606659,538.774933478023
william28@gmail.com,"16763 Melissa Creek Suite 367North Keithland, PW 29458",Cyan,32.92261075834941,11.56811634209842,36.90937820695247,2.471750669720034,398.16346853365195
karenosborne@yahoo.com,"81814 Pratt Squares Suite 460North Robert, GU 77741-1307",SlateBlue,32.68624509039022,12.638572122192118,36.097220934711,4.2977374819712075,571.4710341154247
chansen@holt.com,"2380 Fisher Neck Suite 233Brianland, AZ 34453-0625",LightSkyBlue,34.05094675856064,11.388644575171455,39.08156474568163,2.4369588757864635,451.62861054019965
hallthomas@lane.com,"22630 Bell Centers Suite 030North Danielport, FM 31756",DarkTurquoise,32.454552537551066,11.82298329832392,36.94612578169275,3.656983926688144,490.6004425003995
taylorkimberly@yahoo.com,"0030 Mathis Square Suite 154South Jadehaven, AR 33997-4450",Gainsboro,31.283447476058157,12.725677367222989,35.96566746423624,5.000243360514445,591.7810894256675
clester@yahoo.com,"76778 Underwood KnollNew Gregory, ID 57323",LightCyan,32.98002919845364,11.201159766003187,37.68933697894965,2.4128309609709255,409.0704720533178
pvega@hotmail.com,"61629 Johnson UnderpassNew Eric, MI 92352-5044",LightCoral,31.909626827522736,11.347263611462731,36.323652468198226,5.314354141170212,563.4460356732392
vmartin@yahoo.com,"30242 Rubio ForestPort Kyleland, VA 18339-5779",Turquoise,34.40240964824356,14.220979108167345,37.52319665049046,4.0777750980104255,647.6194557251927
andreperez@hotmail.com,"17463 George PortsEast Julianborough, WY 68291",DarkOliveGreen,32.95976431107423,11.546275759510358,36.947953692845566,3.2750706813095327,448.34042501104767
anntaylor@hotmail.com,"PSC 1634, Box 8167APO AA 49814",Teal,33.78015676329505,11.91763618310149,36.844733815044506,3.634996006306897,518.7864830920807
hickmanelizabeth@yahoo.com,"12641 Greer Track Apt. 183North Mitchell, IA 77991-6276",DeepPink,32.6729435250038,12.276056984463208,37.192793532227846,3.9824715131070567,523.6339351357243
halljohn@yahoo.com,"311 Savannah Ramp Suite 245Carlsonbury, LA 08453-6035",MediumTurquoise,32.72852076313786,10.131712461927217,34.84561239331277,3.2877018240744085,393.8573709860865
cohensean@yahoo.com,"3751 Green LoafNew Julia, VT 20897",DarkCyan,33.40992258786484,12.026942222615626,36.13389429009422,2.3133498845806395,426.154547713103
jmartinez@anderson.org,"14889 Page PrairieDennisville, NV 27982-4210",PeachPuff,31.724202523845182,13.172287495263063,36.199753473916246,3.557813698186695,503.3878872879605
cbrady@gonzalez-miller.com,"193 Ashley Plaza Suite 706Hernandezport, WV 71270-7338",Aqua,32.71111929929533,12.326291385476885,36.67387835766538,3.350279287544909,482.60246732948264
pkline@hotmail.com,"PSC 6338, Box 7637APO AA 22066",MediumTurquoise,33.1366552476793,13.891313421778493,39.22071295098572,2.9070949348220267,524.7976275698038
martha91@garrison.net,"360 Albert SpringSouth Tylerbury, VA 92641-9077",HotPink,34.37939438496412,12.930928541308225,36.360247197934314,3.7927119551515887,574.6548433659394
maureenlopez@gmail.com,"82537 Alice CentersGregland, OR 71749",SeaShell,35.530904145898624,11.379257182400215,36.63610411908917,4.029453828152191,574.7472196620896
russellbaldwin@ferrell.info,"295 Michael Keys Apt. 706Ericfurt, KS 09476",Orange,33.24726795047748,14.069382336483994,38.99332245115573,4.9784757934702615,660.4251842914138
amandastanley@yahoo.com,"38528 Jerry Valleys Suite 027Jonesstad, NY 74787-2691",CadetBlue,32.096108993845185,10.804890557641668,37.37276214632111,2.6995620549722683,375.3984554102432
george02@hotmail.com,"3286 Lynch FieldHenrychester, RI 41833-7902",LightCoral,35.039283064909725,14.426491050422625,37.374183504897594,3.9306153266132897,640.1877400085722
swilliams@ball-arroyo.com,"450 Samantha ValleysCollinsborough, KS 37205-9891",Orchid,32.55052657442161,13.041244588162265,36.65520808395947,3.456233823526301,514.0098178487357
taylorjared@foster.net,"601 Mitchell Estates Suite 922Port Daniel, WV 83595",Crimson,32.58249357081853,11.739743796165989,36.85481082475086,2.1820169698233887,376.49684071853693
keith13@yahoo.com,"81830 Katie SquaresPort Austinland, FL 73522-0761",LightGoldenRodYellow,33.296981924626486,12.491058738018811,38.238940853091385,2.7095266269292764,484.51980911055114
schmidtdenise@hotmail.com,"06392 Matthew Viaduct Suite 000Lake Ronald, NY 45787-0181",DarkGoldenRod,33.108336148346,12.892374513653696,36.52738830431376,4.594116864603191,614.7296376283243
jasmin20@salas.com,"634 Nancy Shoals Suite 241South Barry, AR 52307",HotPink,33.902717794463925,11.668866514553864,37.341266161010715,4.25698328967803,567.4750105270774
christophermorrison@mcguire-carter.biz,"90089 Eric WellNicoleside, MT 95918",Blue,34.55528258670921,11.777772039564965,37.97982686004657,3.784273087078304,554.0030934297989
deborah51@yahoo.com,"4190 Shelton HarborsNorth Christopher, RI 60962",Violet,33.73264839262621,12.138793877121687,36.853882459920776,1.62341960945622,399.98387159812256
melindahartman@gmail.com,"3761 Jared MountainNicholasport, WY 51181",Pink,31.60051220030329,12.222967446546056,36.8227532265912,3.4145062403052493,479.17285149109694
sharper@yahoo.com,"239 Bush Fall Apt. 906Riveraville, KY 88906-3319",SandyBrown,34.318927438542204,13.402331896928285,37.29204470528371,3.6060868889081727,585.9318442972224
jessicabrewer@simmons.net,"5052 Mccoy Passage Apt. 328Teresaport, FM 97139",LightBlue,34.00648891839723,12.956276605432244,38.655094538522064,3.275733705185027,540.9957391083377
beckycarson@jones-brown.biz,"78787 Mitchell LightsMatthewville, AZ 30310-0130",Gold,33.54047906012372,12.884124621344766,36.22604169397467,5.007271986589903,628.0478039330168
jennifer24@hotmail.com,"46954 Melissa CornerNorth Amanda, LA 34844",SteelBlue,34.43642583784763,13.325469096138633,36.768603091480045,3.37125811322392,582.4919237338106
jeremy00@yahoo.com,"45442 Barber Key Apt. 882South Jaclyn, NM 24367-3001",FloralWhite,33.55169913754013,12.15858523387948,36.57513377612486,5.453969474611709,640.7861663983061
wellsjuan@schroeder.com,"0338 Francis JunctionLake Alexstad, NH 14302",Green,31.818616566769066,11.226545663510619,35.669935165958194,3.7558693892629655,446.41867337013565
gregorystewart@hotmail.com,"232 John Haven Suite 456Johnsonhaven, VT 90106-0173",PaleGoldenRod,32.36312129411639,12.461135435006733,37.74560774187829,4.664258497238649,570.6300980875259
tammyjones@griffin.com,"0859 Audrey IsleSouth Zachary, AS 09138",Navy,33.191570884444964,9.846124908736233,36.876313233417314,3.8066709485629935,423.3083340974698
djohnson@hotmail.com,"5358 Stephen Parkway Suite 894Kimview, MN 17436-4528",Coral,32.19249882778649,13.32541218598226,36.897294609068695,5.049927474652407,616.6602860166827
kenneth27@smith.com,"721 Robert Viaduct Apt. 052Lake Olivia, MO 93807",DarkGreen,32.60790271932764,13.677245841523792,37.744699695149066,2.871947536151015,530.3624688854229
johnathan33@yahoo.com,"836 Amy VillagesHannahside, RI 09207-2616",LightSteelBlue,32.26200310699493,11.644969546399302,37.02687697079434,3.2367328142505314,442.3631173838644
carrillojacob@perry-larsen.com,"909 Hicks MountainsGabriellaport, MD 33121",Aquamarine,32.271848280874984,13.485008988077054,37.55088041321525,3.086337272317325,511.9798599920658
greenelizabeth@edwards.com,"54051 Jenkins ViewEast Danielshire, IN 32905-7784",DarkViolet,33.79512493081247,11.620996507575207,38.4194685327455,4.559699083258959,560.4437921717631
denisemorrow@johnson-james.net,"24458 Hudson SquareHallside, PA 68038",MediumSpringGreen,31.654809675692764,13.014459152355206,37.789036347034184,3.0102097779609496,475.2634237275485
wandaphillips@leonard.com,"149 Monica Vista Apt. 908Jasonberg, TX 19632-8886",OliveDrab,33.07773079450243,11.466984219092824,35.675727630820134,1.8092295917763102,374.2696745439231
zachary94@gmail.com,"99902 Scott RoadJoyton, MT 46760-7400",Purple,31.312349599444342,11.684904192367506,38.71707629773135,3.594295099901167,463.5914180279406
ppowell@gmail.com,"74260 Carly Mews Suite 703Jonesberg, OR 39594",BlueViolet,32.87273861448019,12.09396635537946,36.62077385548951,3.0491957437894315,471.602884392892
bhill@pierce-kane.info,"3324 Branch Squares Suite 221Riddleton, OK 34594",RoyalBlue,33.708153408093004,14.325654943309248,35.7218273299056,3.6343402240734415,626.018672655394
matthewgraves@mills-shaffer.com,"66636 Jason ParkwayKellyside, NV 67033",DarkSeaGreen,33.908565031728365,12.914846634589114,39.06886445133981,1.4823596439649784,432.47206125141577
nwagner@yahoo.com,Unit 2079 Box 7792DPO AP 47668,AntiqueWhite,32.31290974594309,9.8244017703894,35.74277912557426,2.921350140816143,356.6155678900057
jamesfaulkner@hoffman-wolfe.org,Unit 0474 Box 0661DPO AP 48938-3469,Blue,34.39432664844985,12.807751833234732,38.55103028983871,1.8100798764120296,467.4278485003528
phillipscarrie@gmail.com,"625 Andrew LocksMadisonside, AZ 74068",FloralWhite,32.42330472721988,13.058277927143259,37.26387556144864,3.3731046739911137,503.21739311910665
samantha84@cortez.com,"960 Miller UnionEast Virginiastad, MS 74191-2346",Navy,33.539396346976595,10.534553499461076,37.03479128933126,2.2147975193939367,378.47356644790113
edward29@knapp.com,"4029 Gerald CapeSouth Laurenborough, SC 19130-5133",DarkOrange,33.37401692609311,11.143433077943628,35.94639914639546,5.454463277564527,584.2183134866807
hannahgilbert@gmail.com,"6961 Mary Stravenue Suite 857Hilltown, TX 52813-7703",Aqua,33.794755944865194,10.982805534662877,34.81063145023747,3.2018017221749915,451.7278633175868
lschroeder@gmail.com,"93101 Shannon CommonSouth Destiny, ND 30379-2855",Ivory,33.7709000976483,11.153966054877387,37.24032955207884,4.729484541572504,557.6341089957289
thomaswendy@yahoo.com,"449 Amanda TunnelJoshuahaven, CO 15377",LavenderBlush,31.309192640891823,11.947175323941774,36.19083323650043,3.205529764506833,432.7207178399336
fuenteskathryn@schmidt-johnson.org,"839 Heather CliffSouth Blake, SC 90412",Cyan,33.612563354981084,11.47056500466582,37.0616887661275,3.802511438790271,506.42385996980016
melissa08@rowe.net,"13799 Cortez Inlet Suite 733East Stevenshire, AL 32757",Tan,33.39826012958678,11.03785041365591,38.61733445368848,4.116340467131812,510.1598172791045
bradleysmith@barber.com,"581 Gilmore PortHeatherville, MS 20879",PaleVioletRed,33.622591840455804,11.167356897497287,35.62658733096311,5.462500764129898,587.5747994806404
morganorozco@hotmail.com,"0001 Mack MillNorth Jennifer, NE 42021-5936",LightPink,30.4925366965402,11.562936246652605,35.97656497174036,1.4816166268553612,282.4712457199145
johnsonhannah@gmail.com,"634 Robert Hill Apt. 800Coxtown, OK 32430",Thistle,31.904857131013607,12.227728279686652,36.98591347608606,3.771420131891554,473.94985742281614
javier02@landry.net,Unit 7029 Box 3429DPO AE 56975,CadetBlue,33.0264203526517,13.18681287300118,38.06692960186935,2.898299577888636,489.9080530975354
lmalone@gmail.com,USS BeasleyFPO AP 50556-7615,AntiqueWhite,32.975192902963855,13.394451788942055,37.80697766984659,3.5690465158585187,541.9722037582585
brandon77@richardson.com,"109 Jessica ManorNorth Patriciashire, PR 84726",GhostWhite,30.81620064887634,11.851398743073142,36.925043038878634,1.0845853030221226,266.086340948469
bhamilton@shaw.biz,"036 Mary Drive Apt. 581Port Brandytown, FL 66143",DarkOrchid,33.91401511732236,12.266503838947587,36.57503097579012,3.0234744460455456,494.68715581028533
randyrobinson@hotmail.com,"14548 Hayes Isle Apt. 436Garciaville, IN 65366",DarkGray,33.30267220801569,13.459222289832475,36.33952101023726,5.56638489205681,689.7876041747194
ecruz@yahoo.com,"08111 Barry HighwayBentonberg, GU 13706",Gainsboro,31.91207592920061,11.792971821961505,36.25781911850192,2.3951681299791368,387.5347163057077
wrightdanielle@gmail.com,"508 May HighwayPort Jacobview, MN 31932",DarkSalmon,32.40855895733437,10.98574015235435,37.36839124072731,3.5048334855202996,441.89663151788625
deandanny@yahoo.com,"9781 Lopez Spurs Apt. 300Fitzgeraldborough, MA 89035-4317",Ivory,32.64461690576892,12.637557159364276,36.5170857636486,5.226687712532106,604.8413188212228
dblair@gmail.com,"190 Kelley BurgWest Juliaport, IA 35826-8163",MediumSlateBlue,34.10227850874102,8.508152176032603,35.46240008104617,1.8382107022501144,302.18954780965197
veronicapruitt@hotmail.com,Unit 7502 Box 8345DPO AE 53747,Cyan,33.24850620315415,11.656592033851751,36.54860515461888,3.363411393785737,479.6148116731425
davischristina@hotmail.com,"49352 Avila Terrace Suite 624Amandaland, GA 99736",SeaGreen,34.72908016563062,11.9668980767806,36.54759627699104,2.957448756503683,506.132342437705
douglasdunlap@boone-rose.com,"093 Larson PortsWest Kathryn, OK 91243",Purple,30.3931845423455,11.80298577760313,36.315763151803424,2.0838141920346707,319.9288698031936
david28@wallace-hill.org,"43382 Heather MeadowsNew Lisaburgh, WI 19151-0302",LightBlue,33.3841105711181,12.677401437121036,35.622530591605994,3.680847338174777,528.3092250312227
williammoore@rose.com,"686 Baker Fords Suite 893East John, IL 50171-9547",Brown,32.878474365657695,13.032534975943193,37.87095205416159,4.693732057983858,610.1280331303979
angela25@walker.com,"456 Eric ViewsNorth Amanda, MS 98876-3102",Chocolate,34.50141785278397,12.44761745405695,37.53453024067718,4.008352234634593,584.1058850493532
arice@reynolds.info,"740 Marshall SquaresDavidbury, AL 94251-0846",Thistle,33.56647438959015,12.235659245108506,37.27757337619507,2.5320440615078934,466.4211988217437
adam75@gmail.com,"9991 Macdonald SquaresVasquezborough, WY 73586-4597",Purple,32.8487928288471,10.973162084317348,36.60950715426321,2.8709869096996963,404.82452887268687
charlesgutierrez@hotmail.com,"363 Kathleen UnderpassAshleyside, PR 98964",MistyRose,33.53186013061325,13.665769794267847,36.90022076162611,3.515688256202335,564.7909690079206
codyandrews@hotmail.com,"63010 Reyes Creek Apt. 569West Catherinetown, MN 67491-6816",Indigo,33.41906734548329,13.391120179234008,37.19419104646396,4.069916618589859,596.516697973153
wheelernancy@hernandez.com,"66340 Michael Lane Suite 878West Brian, LA 69137-1147",Gold,32.495418773654315,12.96832561098067,38.296110372778266,1.2004838567566694,368.6547849470645
drew27@ryan-thompson.com,"4475 Lopez Stravenue Apt. 690Smithchester, NV 84347",PeachPuff,33.67402747501462,12.968893130527091,37.333107418297075,3.22945090446699,542.4124767293989
suzanne63@gmail.com,"229 Eric MountainsNew Caleb, PA 00396",LightSalmon,33.264632073163924,10.732131340303663,36.14579171248221,4.086566338485993,478.2621263968358
mitchellscott@gmail.com,"3976 Tom Streets Suite 438Port Davidtown, AL 55334-2369",DarkOrange,32.76245596030955,10.952353380458653,37.646291787430776,4.019470351595002,473.360495571661
laurajimenez@gmail.com,"06103 Erik Fields Suite 781Jonesmouth, GA 49931-3078",SlateBlue,33.47947160188164,12.60888879370027,37.229394516276614,4.205903889533483,559.1990479544187
rogersheather@hamilton-jensen.org,"510 Michele PortEast Angela, HI 23618",MintCream,33.785207205733194,13.039511025284968,36.31272657154038,2.0181946292873114,447.18764430541853
ievans@hotmail.com,"2064 Poole GrovesNorth Chrisland, SC 78169",NavajoWhite,33.21718784289895,10.999683661085923,38.442766686805065,4.2438128167261855,505.2300682820706
john85@rodriguez.info,"57120 Frank KeysJerryborough, DC 81028-0939",Tomato,31.128090049616628,13.278956228597714,37.38718052656558,4.626075291951958,557.2526867470547
phillipsmark@byrd.net,"6734 Perez Trafficway Suite 395Nunezland, NC 83245",DarkSeaGreen,33.36951735608769,10.62794922615627,38.04031366664072,3.0029570228338396,422.36873660682664
elizabeth61@berg-braun.com,"649 King ExtensionNorth April, NY 54175",Lavender,32.837893053239185,13.185181167368498,35.92159518889928,1.823595182991803,445.06218550892487
dbenson@simpson.net,"732 Heather PlaceNorth Michael, VT 92527",DodgerBlue,30.57436368417137,11.351049011250833,37.08884657968332,4.078308001651641,442.06441375806565
stephaniehill@hotmail.com,"8248 Parker Overpass Apt. 024Lake Pamela, WY 44322-1735",Wheat,32.27459383033916,12.954811454937932,37.1088163801084,3.689916615447592,533.0400601788124
davisbriana@gmail.com,"15298 Erickson Shore Apt. 056South Patrickfort, MD 16503-3145",MediumVioletRed,33.14423399987652,11.73704063527238,37.935189045959156,2.1901321853800533,424.2028270990325
kday@gmail.com,"4835 Jessica Walk Suite 205West Jacob, NH 93681",Magenta,33.4855197629536,11.887345302061831,35.86244707788159,3.2067566975868704,498.635598489176
jonathanconner@morales.biz,"920 Anderson ExtensionsGreenfurt, GA 19316-3498",SeaShell,31.97648006146129,10.757130926114415,36.595867945874545,1.9770071278430592,330.5944460341002
anneingram@miller-alexander.com,"4301 Park Lake Apt. 158Spencertown, SD 45934",HoneyDew,32.13386240984833,11.612650769570312,39.24880390433504,3.3492453825271813,443.4418600624623
jeffery48@mcguire.com,"52326 Townsend CentersLake Williamburgh, NJ 70568-7463",LightCyan,32.302553103111435,11.979061483915341,38.269060691470244,3.5328615795564753,478.60091594433294
theresamitchell@martin-chambers.biz,"157 Linda RoadsNew Jimmyshire, MH 51942",Khaki,31.82797905546526,12.461147444665412,37.4289973693919,2.9747368150832405,440.0027475469415
christianwade@butler.info,"3687 Sarah Ranch Suite 919Gainesfort, AK 05665",Crimson,32.018074010632084,10.079463451952432,38.0706642585136,2.6181653103960847,357.7831107453153
tina16@santiago.com,"314 Kidd RunJohnfort, KS 46546-2732",White,32.997459002491695,12.589240561061525,37.332240746553346,2.8040136926903942,476.139246872566
vancealicia@hotmail.com,"06307 Scott Spurs Suite 161Jessicaburgh, NH 26093-5908",RoyalBlue,31.81642833419931,14.2880145907663,36.773861369930785,2.9644978762354017,501.12249150365636
dbell@hotmail.com,"3485 Anthony Street Apt. 119Mikeberg, FL 32602",DarkViolet,34.46151473966461,11.91711569558776,37.76668677332467,4.3508878437244665,592.6884532021675
pamelahampton@martin-cobb.com,"91542 Jessica Springs Suite 255Thomashaven, MT 39239-3790",DarkSeaGreen,32.34279623166797,11.40964461636565,35.77778217066089,3.8724320418689104,486.0834255029927
mark81@wagner.com,"410 Gonzalez Corners Apt. 187East Stephenport, VT 22771",Navy,32.30274837339047,12.815392648610313,37.95780983454751,4.615426306527649,576.0252441251166
awerner@manning.com,"407 Blake WaysPort Davidland, WA 78438",Gray,33.06644065628263,11.673229254101276,37.84065507750671,2.727209453758874,442.7228915742714
robertramirez@kaiser.com,"1583 Anderson CovesEast Rebecca, NH 27212",Purple,33.89464038846548,10.61053651970745,37.977388737979744,3.537123879902206,461.7909590614097
justin26@gmail.com,"32303 Baldwin CausewaySouth Robertside, HI 58126",RosyBrown,32.765664587506606,12.506548190327935,35.823466666422846,3.1265094896599996,488.38752578014504
douglas95@yahoo.com,"395 Summers Courts Apt. 413Coopermouth, IA 21205-1079",White,33.76981237165136,11.304462307422886,37.83397172859896,5.137816745950984,593.1564014822196
qmorse@yahoo.com,"0360 Pearson Dam Suite 263Lake Shawn, UT 65986-4190",MediumTurquoise,31.812482559724263,10.886921180951674,34.897827688311345,3.1286388557446334,392.8103449837972
jason50@bates.net,"74839 Michael Plains Suite 356South Austinshire, ND 40309-1424",Bisque,32.00850451785513,12.095889485093476,36.37750903434099,3.1789524050534483,443.1972210287554
qeaton@savage.com,"27032 Michelle ForestMorrowtown, ND 14749",SaddleBrown,33.30433661798984,12.692661429739386,37.33359061333867,3.827375915107567,535.4807751896418
tluna@hotmail.com,"01512 Hendricks RueEast Pamela, PR 46481",YellowGreen,32.189844729273545,11.386775551280653,38.19748324839899,4.808320372869162,533.3965537868428
kara33@gmail.com,"5527 Hogan RoadSouth Jeffreychester, MA 28632",LavenderBlush,34.9356051056443,10.728418539377822,36.88119240747175,4.048510087289211,532.1274491097012
thomas22@yahoo.com,"7346 Jennifer Green Suite 148Wagnertown, MT 65972",IndianRed,33.55165060797954,11.936895159842095,35.90025278215821,4.5433324132930855,558.9481123879059
david47@hotmail.com,"37216 Krista DrivesWest Andrew, DE 70036",DarkKhaki,32.386968674631895,12.717995102314037,35.12882235312117,3.4810621331251683,508.771906741518
beasleyjoseph@hotmail.com,"1094 Bentley ForgesLake Antonio, MA 29181-3664",SaddleBrown,33.34450868519732,10.969802874106238,35.9745781075859,2.627624971434411,403.7669020956173
hoffmandaniel@yahoo.com,"922 Hampton Path Suite 198Port Jasonmouth, FL 46623",Orchid,33.6727578867203,13.420545742201176,37.763690402803434,4.794312263402833,640.5840618984408
garnerjustin@king.com,"0833 Brian Canyon Suite 566Anthonymouth, VT 01329-7541",DarkCyan,34.00207092262163,11.85468192110211,37.49189221040693,2.7618619263014166,461.6282783910862
francesjohnson@lee.com,"577 Peters TurnpikeLoriport, MA 60572-1669",Aquamarine,32.65539704223188,11.918859709324538,35.716269159517005,2.1596760229888288,382.41610786547517
awu@robinson.org,"0281 Dale Wells Suite 656East Joshua, ME 73389",Brown,32.054261851184755,13.149669557991398,37.65040020345744,4.1956144126751305,561.874657668983
xevans@hotmail.com,"13164 Miller CampSouth Deannaberg, ID 85433",DarkMagenta,33.22877226969563,12.685393899848075,36.04898625036686,2.139403004485981,444.5761441337301
lauriewilson@jackson.com,"389 Joshua Stravenue Apt. 983Martinezland, MN 29049",Cornsilk,32.07759004432913,10.347876945661575,39.045155696388115,3.4345597225409197,401.03313521910604
cruiz@yahoo.com,"497 Julian Brook Suite 872Hillberg, FM 87927-5760",LightSalmon,33.981005579787784,9.316289204373824,36.91495154541398,2.8684281816397523,384.3260571375157
tammy12@gmail.com,"78297 Brown Street Apt. 786East Taylorfurt, AK 97246",Chocolate,34.17951756796679,12.581547729914535,35.444264696393994,3.137068975480682,527.7829957560522
adamperkins@terrell.com,"2595 James Creek Apt. 571Millerberg, HI 82236",PaleVioletRed,32.60273898042012,11.764447589452988,37.922703809566,3.5258064121952244,482.14499687576796
willie26@johnson-howard.com,"97686 Robertson Cape Suite 607Port Veronicaside, NE 47293",Wheat,32.03054971621298,12.644202118863694,38.00182746752369,5.038107493844868,594.2744834186118
yvaughn@meyer.com,"9863 Dawn Court Suite 429Lake Connie, MI 12238",OldLace,33.100357750772915,11.832112231483734,36.841491638054855,3.6122391519937,502.0925279023197
carolfarley@gmail.com,"51173 Curtis Cliff Apt. 727Ramoston, DE 32714-4579",SlateBlue,32.99059904291544,10.441235061603203,35.93896250240334,2.895075162804356,407.65717875932603
rhonda01@gmail.com,"939 Watson RunStaceyberg, VT 58376-0454",Orchid,34.385820292995376,12.729719510423308,36.23210980258421,5.705940716620837,708.9351848669818
david80@knight.com,"368 Morris Ports Apt. 735New Lisaville, GA 34271-8632",MediumAquaMarine,34.357196268204405,9.477777607959725,37.90601452014432,5.0470225513951,531.9615505451646
aaron04@yahoo.com,"16338 Scott Corner Suite 727West Alexandra, AR 54429",SeaGreen,33.70511279750195,10.163179060052556,37.763041081545246,4.778973636034999,521.2407802357949
kaylahenderson@hotmail.com,Unit 1609 Box 3480DPO AA 95185,MediumSpringGreen,32.404295045983574,11.608997936221535,38.11045690682496,2.9665588846599196,447.36902719933136
mholt@hotmail.com,"486 Adams HillsNorth Walter, MS 18124",LightSeaGreen,31.82934645592113,11.268259230574026,36.956965425094104,2.6689197733345025,385.152337987975
tanya20@gmail.com,"69279 Stewart MountainsSouth Pamela, KS 22541-3414",DarkKhaki,31.36621216718769,11.163159542913276,37.08831936433477,3.620354588804087,430.5888825564849
aaron89@gmail.com,"0128 Sampson Loop Suite 943Hoffmanton, MO 02122",SaddleBrown,31.447446494127817,10.101632204781014,38.043452650841274,4.238296188412728,418.602742095224
hunterlucas@gmail.com,"89301 Kylie CrossroadPetersonberg, MH 23834",Turquoise,33.58294683702328,12.76153127820102,36.90818962373682,2.4793398232086954,478.95140475788554
sfarley@jones.com,"0554 Powers CurveNathanchester, FL 06878-6336",AntiqueWhite,32.39742194430904,12.055340161330117,37.68546548721554,3.506967573635258,483.79652206149285
sarahtran@dixon.com,"770 Katie Walk Apt. 585Port David, MN 52850",GoldenRod,35.03744996157605,11.935934966559186,35.78392374450292,3.3101503465768563,538.941974531203
randywhite@armstrong.biz,"0506 Pitts ForksWoodsbury, AL 98082-8186",Teal,32.78494023263413,12.451200012438312,36.66579136924871,3.535802467873828,486.1637990666317
tsmith@yahoo.com,"92028 Thomas Mountains Suite 044New Matthew, MI 02429-0994",Bisque,33.9717220376126,12.284467067067206,38.29572526401705,1.1304769604319769,385.0950070687634
martinezleah@carter.com,"8456 Joseph Locks Suite 926Christopherport, TN 57784",PaleGreen,33.38599019075222,12.782171794760187,35.550772266806135,3.2287176862706497,527.7837897574573
steven00@combs.com,"64460 Morris FordsGonzalesmouth, MI 40832",RosyBrown,33.556555671402755,12.960307128914414,37.951946317735135,3.3459223210048927,547.1907493518986
blakekent@smith-pena.com,"3933 Brooke PointJohnsonburgh, DE 22659-3488",Crimson,33.58737339024554,9.95399500605983,37.34573893439929,3.2156668270219866,410.6029439492151
amanda03@yahoo.com,"313 Lisa Loop Apt. 543North Jenniferchester, MN 58819",Brown,34.18818406101828,13.130021664776669,35.42933438847124,3.7905521368804433,583.9778019715427
brandonsmith@yahoo.com,"62106 Nathan Mountain Suite 505North Matthewborough, AZ 32092-6122",Gold,33.59396354804201,11.520566788562215,36.18913179541947,3.5612152714310823,474.53232943988985
thardy@perry.com,"39209 Cooper Neck Apt. 541Tylermouth, ME 94450",SeaGreen,33.236265721508744,10.972554314292411,34.574027587189626,2.9316195346511518,414.9350606518193
michael86@yahoo.com,"87270 Garrett Cliffs Suite 361Brooksberg, MO 26555-2502",LightYellow,33.20891970058922,13.53191346185937,38.95246252162796,3.0465406206892376,550.8133677324173
ulee@wells.com,"309 Singleton HollowMatthewhaven, NJ 68776-7477",LemonChiffon,33.63781167586591,12.039502370469924,34.487184747742425,2.739200466766662,458.78113168424994
judithsmith@jimenez.biz,"186 Anthony RouteGordonview, AS 78120-4633",DarkOrange,33.59048580327403,10.942069621017652,36.170494202480995,2.783963128204522,407.54216801343483
nblack@smith-romero.biz,"00615 Tracy IslandsNew Marcfort, MO 87297-7431",LightCyan,34.195508030962635,12.664192622515644,37.027150364769525,4.330407444211276,581.3089328794999
michaelcampbell@yahoo.com,"96480 White Lane Suite 521Pattersonhaven, OR 39409-4561",Gray,35.860236513353094,11.730661394277833,36.882149081506796,3.41620997759013,546.5566668627299
rcarter@crane-thompson.org,"14064 Frazier Hills Apt. 176Amyborough, MP 77858-0018",MediumVioletRed,33.48193057257537,11.918670307379347,37.317704949196845,3.3363393820041853,503.1750851912004
dwhite@gmail.com,"02136 White Grove Suite 418Marytown, DE 70033",OrangeRed,33.25823783380398,11.514949066574866,37.128039498322295,4.6628453040025635,549.1315732872171
vancemichelle@gmail.com,"6586 Reginald Crest Apt. 061North Josephfort, NM 55275",DeepPink,32.319857972167306,12.418113202231623,36.155336204959546,3.2220807667609574,482.8309858617017
kylemelendez@hotmail.com,"2749 Cunningham Flat Apt. 838Derekberg, OH 45288",DeepPink,32.430838579082014,13.887275413385506,38.381955972136154,3.772969024644708,557.6082620533542
richard35@hale-duncan.net,"33940 Craig Throughway Apt. 334Martinview, IL 62015-0314",GhostWhite,31.44597248275779,12.846499067474367,37.86921693600857,3.4201495301648563,484.87696493512857
waltonkaren@gmail.com,"355 Villegas Isle Apt. 070West Jenniferview, NM 26775-4339",Green,35.74266980593494,10.889828283005027,35.56543623713973,6.115198945760052,669.9871405017029
contrerastiffany@gmail.com,"439 Todd Summit Apt. 478Mooreland, AR 31655",CadetBlue,34.012619460656374,12.914570094327916,36.04620351842453,3.4880299912225916,547.7099885778624
rogerstiffany@wilson-horne.com,"30700 Justin PortsPort David, PA 52171-5921",DarkOliveGreen,34.14039342796294,11.568526641744768,38.918748541019504,4.082855278762214,537.8252822957112
waltercharles@sanders.net,"291 Stephen Glens Apt. 532Jacquelineton, NJ 53606-5656",IndianRed,32.37798965892753,11.971750786570597,37.19936752783635,2.8296995751470893,408.2169017707518
john96@chan-anderson.biz,"04290 Barron SquareLaurenmouth, AS 79917-9544",Snow,33.17233109074306,13.078692439536418,37.32981862521235,5.405406467229509,663.0748176067602
bushsharon@barber.com,"0013 Andre FieldWhitebury, AZ 68447-6306",DarkSeaGreen,33.24732220295966,11.956426484854195,36.51734612004179,3.4517507098331026,506.37586675019753
nicolegay@jennings.com,"50718 Timothy LightGarciaport, SC 60266-6696",BlueViolet,33.598913339294036,13.252737094184226,37.30596141998359,2.9355772737404866,528.4193296952955
rchambers@hotmail.com,"53964 Weaver Brook Suite 861Stevensonshire, NY 18128",OliveDrab,33.08529799058909,13.093537281195056,38.31564796064117,4.75036007144446,632.1235881419657
gomezalicia@hotmail.com,"506 Allison Cove Apt. 766Weeksstad, AS 71308",MediumSpringGreen,32.27844334791965,12.527471744522867,36.68836654250485,3.5314023030588984,488.2702979651482
potterkenneth@strickland.com,"2559 Harris Pines Apt. 514Michaelshire, ME 21753-8834",MediumSlateBlue,33.441553044751224,11.235968954252515,37.05261630809583,3.904479379627935,508.7357409506604
charlesjackson@brady-fuller.net,"3802 Veronica CausewayEast Patrickfurt, DC 84522",GhostWhite,32.86530120924307,12.074830167957375,35.569170317446186,2.3990797897904117,411.1869635742789
jacquelinewest@pace-herrera.com,"592 Villanueva VillageWoodsstad, AK 20530",Purple,31.526197898239808,12.045331979699332,38.50588332918249,2.8477090264744978,409.0945261923378
stevenjohnson@yahoo.com,"PSC 4427, Box 6116APO AP 87584-5187",SandyBrown,33.00084964015205,11.230743306761044,36.99529016635977,3.7817035651048387,467.8009243667916
johnsonchelsea@gmail.com,"19270 Velasquez CovesBoylechester, AZ 51480",LightCyan,32.08838063044821,11.90784409977911,35.189122444377716,4.34977841863416,512.1658663881581
jenniferjenkins@jones.com,USNS JacobsFPO AE 71507-1312,LightSalmon,33.265444472845786,13.052210385161311,38.775665296116884,4.574287716419565,608.2718166151668
ebutler@rogers-gonzalez.com,"001 Estrada UnionLewismouth, TN 47360",Chartreuse,32.992573196692234,13.004362005673077,36.98504141740091,4.620416384895068,589.0264897562791
ellenlucas@cox.org,"86268 Davis CornerNorth Danielview, CT 59551-9382",DarkGoldenRod,33.86318870719846,11.52352268106905,35.9380452301724,3.0130325004194374,444.0538265727728
elizabethnunez@vasquez-nelson.net,"209 Andrew ViaductPort Anna, OR 01627-8037",Cornsilk,32.59209322575472,10.314717921893896,36.729029401087864,4.791108744558266,493.1812613907186
ramirezjacob@turner.com,"19704 Kaitlin FlatWest Andrewtown, VI 38642",Magenta,32.381034590963445,12.433128529733454,37.62690680204789,4.334001444341368,532.724805462904
brian51@cook.info,"0508 Terrance CliffRebekahtown, NC 48724-8308",SaddleBrown,31.51712180250623,10.745188554182882,38.79123468689964,1.4288238768282668,275.9184206503857
victoriajohnson@gmail.com,"2082 Christopher Place Apt. 081Cynthiahaven, HI 99393-8910",DarkViolet,33.454301926040195,11.016755636715029,37.6373109611636,4.137000388171066,511.03878605116114
lawrencewalton@hotmail.com,"584 Patterson FallsWest Alicia, DE 45751",Chocolate,32.21552741998912,12.216854693359823,36.95395970110429,2.910530822492482,438.41774201146853
ashleymoreno@gmail.com,"11430 Meza Green Suite 037Martinezborough, FL 40624-8726",DarkViolet,31.67391550327495,12.329147021418828,37.07437106706514,3.982462318955639,475.7250679098812
wesleyvance@moore.com,"210 Johnson Street Suite 717New Bethanyborough, MO 84817",Magenta,33.71755461300513,10.806966067774699,36.01231723045213,3.7012292170202734,483.54319386538816
edwardbrown@yahoo.com,"2971 Angela IslandLake Timothychester, NE 48734-6685",HotPink,33.21547157476038,12.135101396955724,37.14209368933963,5.8405058759314255,663.8036932755083
youngellen@hotmail.com,"994 Joel Highway Suite 216New Jessicafort, UT 14179",DodgerBlue,31.574138022873235,12.94155572990243,36.72527682557128,4.560396067343642,544.4092721605869
robin80@yahoo.com,"928 Bailey RoadEast Mary, DE 11678-5634",Turquoise,33.89457038870139,13.300299363336553,36.393683855020775,4.4900020655598345,630.1567281670505
dana59@hotmail.com,"31927 Jill MountainSouth Jessica, MN 63418",Blue,33.12869268643142,10.39845771308564,36.68339299807869,3.8598179988740084,461.11224843060927
bwilliams@hotmail.com,"1549 Walker Passage Apt. 463West Calvin, AZ 03144",PaleVioletRed,34.370327046164306,11.887800415781035,37.86144725932397,3.0466201888222324,491.9115050963458
whitetyler@anderson-avery.com,"4547 Stafford Throughway Apt. 178North Patrick, MD 60768-4837",MidnightBlue,34.08026009173408,11.591439703136587,36.45689841052433,4.652854446136778,574.4156896079883
rwilliams@trujillo.biz,"54560 Thompson Creek Apt. 029New Brianville, FL 84430-8588",BlanchedAlmond,31.425226880854808,13.271475042524669,37.23984661097634,4.0221029095289484,530.7667186547619
randall85@williams.com,"5086 Morales Islands Apt. 099New Patricia, IL 78823",Black,33.62530726457669,12.9882205986331,39.67259095594186,3.9694177591077393,581.7987976770314
kevin45@mathews.net,"02393 Baker FallsNew Georgeport, ND 36338-5110",DodgerBlue,31.8627411090001,14.039867262521904,37.022268985912326,3.7382251733253336,556.2981411740467
deborah48@white.com,"1693 Gary Mission Suite 479Lake Kelly, MO 68205",DarkGreen,33.29258730730077,11.906507762219913,38.42286529341121,3.37668749953603,502.132789227254
hoganrichard@george.com,"4929 Michelle GroveLake Alexis, MT 92147-1660",BlanchedAlmond,33.749227770813306,11.13714030231066,38.40137368953426,4.595522708601322,556.1863688687886
kelly24@lewis.info,"983 Ross GlenWest Jessica, NJ 42860-5757",Bisque,34.14496898723948,12.902664889103924,36.61119877576035,2.2239934582520533,475.07162989966173
katherinegray@yahoo.com,"685 Sexton Ranch Suite 125Lake Robertshire, NE 04469-3024",Cyan,31.123974349911947,12.38651625649485,35.63211221551042,4.288486770885737,486.9470538397658
efoster@williamson-boyd.org,"4968 Bennett ManorsRogerschester, IL 81579-8333",Lavender,34.278247879997245,11.822721745594304,36.308545294390356,2.11738254152726,434.1442020262987
jordandavid@gmail.com,"61502 Parker Vista Apt. 363Jonesshire, GU 33532",Violet,33.66661568345138,10.9857637851215,36.35250276938114,0.9364975973183264,304.1355915788555
sanchezamber@scott-patterson.com,"257 Hunt ManorsSouth Charlottefort, CT 15033",Fuchsia,32.259973265557015,14.132893457553365,37.0234792364057,3.7620704427115657,571.2160048349454
tinayoung@hotmail.com,"83995 Owens Course Apt. 747South Jennifer, NJ 29942",MistyRose,35.43316530057876,11.912210479900578,36.08964365766702,4.00096358646012,583.0796356620574
alicia28@fuller.com,"8055 Robinson Brooks Apt. 657Walterview, KY 83019",CadetBlue,31.967320947882403,11.481587147836265,39.24096484164356,3.5325171645393527,445.74984123965226
rileyalejandro@gmail.com,Unit 1475 Box 4215DPO AE 39546-5591,LightSteelBlue,32.149060522105984,10.04731473507118,37.181447310649894,3.5350884276189447,392.99225591403086
oliviamarshall@sawyer-sellers.com,Unit 5934 Box 9748DPO AA 37361-3043,Brown,33.91884417783405,12.428736927868275,37.305361879286025,4.158214652664192,565.9943634015267
hortonrobert@hotmail.com,"31309 Stacey Keys Apt. 979South Jason, KS 35357",Salmon,33.20061634140451,11.965980266792483,36.831535850846905,3.549036057426973,499.14015244905386
montgomerycheyenne@hotmail.com,"1812 Sandra Shoal Apt. 350Amandamouth, SC 87794-1628",FireBrick,32.53677489754807,11.121366060509414,36.97937237345656,4.129254688094536,510.5394216996283
martinkristi@sanchez-coleman.com,"PSC 1893, Box 7023APO AA 73445",Lime,34.083663301629485,8.668349517101323,35.90675636579306,2.2524459633808416,308.52774655803336
jefferycampbell@gmail.com,"381 Ashley Locks Suite 366North Migueltown, TX 09795-0494",GreenYellow,33.025020138575876,12.504219807675257,37.645838788014025,4.051382465375181,561.5165319790891
webertom@phelps.com,"189 Crawford Hill Apt. 746New Madison, WV 14108-4333",DarkOrchid,31.268104210750717,12.132509111641538,35.4567981489283,3.0720761414868827,423.4705331738239
aschmidt@johnson.biz,Unit 1743 Box 8085DPO AE 47693-8164,Blue,32.21292383005795,11.732991461588078,35.63395394740078,4.331863026751083,513.1531118530668
lisadelgado@gmail.com,"57993 Jennifer Unions Suite 685Emilyville, OK 53366-2375",Olive,33.499506100675546,11.946590884981756,36.486325072393406,3.937862643180167,529.1945188649573
sharongraves@yahoo.com,"73098 Ronald PortCliffordborough, MO 37479-9244",Wheat,32.904853667353976,12.556107616938169,37.805509432449185,0.2699010899842742,314.4385182951061
flevine@gmail.com,"5292 Melanie Crescent Apt. 064Fischerborough, NV 85721-5045",AliceBlue,32.204654645678524,12.480701517118197,37.680287608367976,3.2794662600656097,478.5842860083426
rskinner@johnson-jefferson.com,"24725 Neal LockCynthiaville, NY 51578",OliveDrab,32.67515450844823,12.594194066191113,37.683875373647005,2.5717778354776577,444.5821649786528
kiarakim@harris.org,"1502 Gonzalez ThroughwayKathrynchester, FM 86014-7194",Linen,32.99838766242905,10.946841939586896,37.64780805527063,3.8260306175375134,475.0154070877503
rachelrodriguez@lara-waters.com,"35466 Tommy StreamPort Daniellemouth, KS 68863-6330",LightSlateGray,33.9431185791017,11.48419869378604,36.83936583281821,2.402453833414224,436.7205558562188
dbrown@gmail.com,"76666 Kathy LocksPort Susan, ME 64335",Indigo,33.55210836340867,11.120870867123783,36.808376059487955,4.02781384191709,521.1953105318003
mary45@gmail.com,"33213 Tanner Knolls Apt. 519Whiteborough, OR 37119-7790",Lime,33.67683086814267,10.971392430875488,37.72236711094261,3.6293399152681918,478.18305971187965
marcusleach@floyd.org,Unit 3998 Box 4348DPO AA 37629,SteelBlue,32.641946365588176,11.588948579712493,36.32214091690131,3.189609941879746,432.48116855701767
lmunoz@yahoo.com,"2100 Austin Camp Apt. 943Anthonymouth, WV 24243-3781",Olive,33.42121218172261,10.706641521307748,35.76615350038372,3.393975043434297,438.30370784642975
dvasquez@wiley.com,"967 Chloe Springs Suite 554Lake Ashley, GA 03230",HoneyDew,32.76707608122926,11.07625934092972,34.77975050203264,2.5749484700250718,388.9405487921943
dylanmartin@hotmail.com,"42644 Helen Keys Apt. 103Jessicahaven, KS 89406-1960",MidnightBlue,33.11995442833815,12.953262542191794,37.03427958207978,3.4720213800343784,534.7714849461672
xkaufman@gmail.com,"02342 Melissa IslandsSmithhaven, KS 68335",DarkViolet,35.37187609232446,10.572466600106118,36.86218334634355,4.198349060814376,537.9157529213054
jasonhensley@yahoo.com,"97262 Brian SkywayLake Marissa, GU 96859",Sienna,33.9760825800378,11.658036814224136,37.425278680067905,2.086348146609663,407.8763782204976
gstrong@hotmail.com,"7875 Landry Road Apt. 947Brownshire, NC 10074-7735",Pink,34.03416353106073,13.592512657946296,36.838656786348494,3.605933917733071,618.8459704239658
arnoldsamuel@wilson.com,"949 Tapia ViaductMartinezfurt, CT 79271-8205",LightSkyBlue,32.770492158549345,11.371767361249,35.26149811626243,4.034386130357467,502.77107456549606
scottrose@yahoo.com,"50639 Sarah Isle Apt. 268Yangmouth, MO 05540",SaddleBrown,33.50381038174352,11.23341495354092,37.211152581351115,2.320550249888456,397.420584096457
salazarkaren@hotmail.com,"51173 Burton Wall Apt. 417Prestonville, NY 37002",SteelBlue,31.87455169458537,10.290350765056484,36.929761561703394,3.4910933370091515,392.2852442462675
susanibarra@yahoo.com,"426 Scott Radial Apt. 065Abigailstad, MS 16590-2222",Thistle,32.53323998265473,14.121783839255324,38.406329010114156,5.320093863780987,689.2356997616951
nhenry@hotmail.com,"3874 Harper PlazaNorth Nancy, ME 96802-9462",BlanchedAlmond,34.85131416586477,12.415541963333618,37.67232248424959,3.130538462464844,543.1326262891694
millerrachel@gallagher-nichols.com,Unit 4742 Box 9517DPO AE 67219-3123,Turquoise,34.21146128149797,10.770248917443364,34.64980004740713,4.985204970864012,577.7360248512277
garciakevin@gmail.com,"845 Colleen WaysLake Matthewview, VT 65340-3159",Orange,33.45961931752967,12.664390524735165,36.36684324701071,1.726962043188511,436.5807403475482
philliproberson@yahoo.com,Unit 0373 Box 8981DPO AA 89902,Beige,34.200539409318985,12.667808875387266,37.487049248551685,3.7016222869142337,553.9946735912697
kstafford@estes-nguyen.com,"PSC 4856, Box 1297APO AA 17032-7944",YellowGreen,31.16950679871159,13.970181074130444,36.673952738564225,1.7851739448879638,427.3565308022928
kennethperry@bowen.org,"272 Frederick LodgeEast Andrew, FL 07414",SlateGray,32.51819681399925,11.509253453525044,36.599289087393494,3.0226757598626595,424.7287739291025
prussell@lopez.com,"9985 Wolf PassBrandimouth, CA 63346",Bisque,34.523019620716326,11.405770450141056,36.378271013194265,4.041244969129275,541.0498309594357
mosleyjacob@yahoo.com,"PSC 1790, Box 8872APO AE 01821-4769",Orange,33.66599032199544,12.263717676034362,38.860234430326635,3.13952693504287,469.38314617236114
rhaas@yahoo.com,"4502 Jennifer Prairie Suite 029Lake Jesse, LA 02328-3633",DimGray,31.60983957338964,12.710701300459249,36.166463391921475,2.5628188108032326,444.54554965110816
antonioharris@hotmail.com,"4307 Nicholas Drive Apt. 259Ramirezberg, AS 59832",MediumBlue,33.70088553901973,13.471577671948914,37.071643198252396,2.3790764968915394,492.55683370047706
austinthomas@gmail.com,"5855 Gross Burgs Suite 169Ballland, AS 98525",AntiqueWhite,33.81173340621725,11.186808718643787,36.29889307823573,4.301996499354755,535.3216100850124
bethsullivan@reed.net,"80500 Mary Corners Apt. 225Wallsville, ME 80526",Beige,34.33667722314705,11.246812606011584,38.68258378408295,2.0947616690074846,408.9583359406166
ncummings@yahoo.com,"344 Jessica StravenueNew Brian, MA 04730-6761",Beige,31.061325156716126,12.357638107209013,36.16604163340145,4.089330841235956,487.5554580579016
hking@hotmail.com,"85181 Christian Courts Suite 758Larryfurt, MS 38722-6766",PeachPuff,33.06976829928679,11.764325958658198,36.875025808917755,3.5160510174718302,487.6462317438417
annstone@hotmail.com,"543 Reynolds BurgMelindaberg, KY 46631",LightPink,34.60624245261783,11.761883803681748,38.12651979793058,1.8208106181524435,402.16712222372564
christopher44@hotmail.com,"549 Anna AvenuePort Laura, CA 76209-9339",WhiteSmoke,34.238241911920284,11.550300110865926,35.76932963050029,4.183143661726128,551.0230017027826
autumn88@mendoza-mills.com,"214 Obrien Lakes Suite 572South Jeremy, KS 52867-7617",MediumOrchid,32.04781463313985,12.482669924970505,35.536024530304154,3.393902788069372,497.3895577588434
dhudson@ramos.net,"5661 Grant CentersStevensfurt, CT 53959",Olive,30.971675643887767,11.731364294077403,36.07455114016891,4.4263640805293125,494.6386097568927
egomez@hotmail.com,"768 Riley Pine Apt. 624Kellymouth, OK 98992-3108",MistyRose,33.606850823118876,12.21407374586628,37.198427822725975,2.9052383614465733,479.2474167840931
kimberlyruiz@smith-gordon.com,"503 Adams Pines Apt. 638North Ashleyside, AZ 34687-6128",DarkRed,33.448125009346555,11.903756682535944,36.874543604679936,2.7827578284994163,462.65651893471335
mooremichelle@logan.com,"07813 Randy PointLake Thomasberg, MO 06013-9920",Pink,33.369380938205474,12.222483941893726,36.35523488364423,3.4470177927906893,515.5024796636585
aaron22@gmail.com,"38678 Sean Drive Suite 293Karentown, IA 78306-2717",DarkGray,33.452295280190306,12.005916370756164,36.53409567089256,4.712233578509767,576.4776071703129
michelleshepherd@price.com,"6820 Erica Vista Apt. 418Brightside, IA 50639",Orchid,32.904692444916265,11.913745152838759,36.05864760322049,1.2281124234144234,357.85798360521926
zscott@wright.com,"9909 Hoffman Ranch Suite 195Scotthaven, SC 53575",PeachPuff,35.63085386109822,12.125401967944384,38.18776368086846,4.019051426800218,597.7398788791847
tracy79@wheeler.net,"513 Moore Crescent Apt. 416Amandaberg, GU 03655-2219",Magenta,32.2463499961189,11.305551430414742,37.133126759376324,1.7073897286757314,327.37795258965207
brian28@sanchez.org,"7446 Mary FerryLake Sherryfurt, GA 49066-0207",GhostWhite,34.69559119111866,11.608997070875464,37.684877275306064,3.1630919310737573,510.4013884525048
leonardhancock@hotmail.com,"64147 Alexander Station Apt. 474East Jasonview, MN 83788",SeaShell,34.343921908427575,11.693058197072652,36.81293412550145,3.4470928961368963,510.50147847479735
davidsonkathleen@gmail.com,"70128 Zimmerman OverpassRobertsshire, VA 59860",DarkBlue,33.68093694960616,11.201569884684467,37.83544772741218,2.208813678005546,403.8195198321978
nathan84@lowery.net,"01242 Stephanie Ways Suite 003Churchville, MO 35617",MediumSeaGreen,32.060914398410056,12.625432642053953,35.53914242750509,5.412357839551379,627.603318713015
kellydeborah@chan.biz,"354 Sanchez Wall Suite 884Juliabury, VI 39735",DarkTurquoise,33.431097102487136,13.350631684459369,37.96597162275135,2.768851943263104,510.661792219672
lewisjessica@craig-evans.com,"4483 Jones Motorway Suite 872Lake Jamiefurt, UT 75292",Tan,33.23765998436727,13.566159613087606,36.4179847963968,3.746572973103466,573.8474377162278
katrina56@gmail.com,"172 Owen Divide Suite 497West Richard, CA 19320",PaleVioletRed,34.70252897286158,11.695736293481328,37.1902677104526,3.5765259152594644,529.0490041294304
dale88@hotmail.com,"0787 Andrews Ranch Apt. 633South Chadburgh, TN 56128",Cornsilk,32.64677668060689,11.499409061002085,38.33257633196044,4.958264472618699,551.6201454762477
cwilson@hotmail.com,"680 Jennifer Lodge Apt. 808Brendachester, TX 05000-5873",Teal,33.322501051305466,12.391422991118318,36.840085729767004,2.336484668112853,456.46951006629797
hannahwilson@davidson.com,"49791 Rachel Heights Apt. 898East Drewborough, OR 55919-9528",DarkMagenta,33.71598091844986,12.418808324753911,35.771016191612965,2.7351595670822753,497.7786422156802
